Player,Team,Position,GS:GP,FPTS,FPts/90,Ghost Points,Ghosts/90,NGR,Negative Fpts,Ros Rank,GS,GP,G,KP,AT,SOT,TKW,DIS,YC,RC,ACNC,INT,CLR,COS,BS,AER,PKM,PKD,OG,GAO,CS,MIN
James Maddison,TOT,M,1.00,167.0,20.1,116.5,14.02,0.3,-10.5,2,9,9,3,29,5,15,6,13,2,0,4,3,2,15,0,1,0,0,0,7,4,748
Mohamed Salah,LIV,F,1.00,163.5,19.06,90.0,10.49,0.45,-13.5,5,9,9,7,20,4,14,6,15,1,0,2,1,0,8,1,4,1,1,0,8,2,772
Ollie Watkins,AVL,F,1.00,160.5,18.86,72.0,8.46,0.55,-4.5,8,9,9,5,17,8,12,1,9,0,0,0,0,6,4,2,6,0,2,0,13,2,766
Kieran Trippier,NEW,D,1.00,160.25,18.81,99.75,11.71,0.38,-23.5,6,9,9,0,29,6,0,8,3,2,0,16,6,7,7,5,16,0,0,0,9,4,767
Bukayo Saka,ARS,M,0.89,156.5,20.09,101.0,12.97,0.35,-7.5,3,8,8,4,22,4,9,13,11,1,0,5,3,4,16,0,4,0,0,0,8,3,701
Erling Haaland,MCI,F,1.00,149.0,16.82,69.0,7.79,0.54,-7.0,1,9,9,9,10,1,20,0,6,0,0,0,1,5,3,0,10,1,0,0,7,3,797
Son Heung-Min,TOT,F,1.00,141.0,17.98,75.5,9.63,0.46,-3.5,7,9,9,7,17,1,13,3,7,0,0,1,2,3,9,0,1,0,0,0,7,4,706
Pedro Neto,WOL,F,1.00,140.0,15.56,99.5,11.06,0.29,-10.5,9,9,9,1,24,7,5,2,9,3,0,15,3,2,20,1,1,0,0,0,15,1,810
Julian Alvarez,MCI,F,1.00,137.0,16.47,78.5,9.44,0.43,-7.5,10,9,9,4,19,5,12,4,7,2,0,3,1,3,6,0,1,0,1,0,6,3,749
Bruno Fernandes,MUN,M,1.00,130.5,14.5,107.5,11.94,0.18,-9.0,4,9,9,2,27,2,11,9,6,3,0,5,7,13,7,1,5,0,0,0,13,2,810
Jarrod Bowen,WHU,M,1.00,127.5,14.2,74.5,8.3,0.42,-8.0,11,9,9,6,5,1,13,10,12,1,0,0,6,4,14,1,15,0,0,0,16,1,808
Bryan Mbeumo,BRF,F,1.00,124.5,13.83,82.0,9.11,0.34,-8.5,23,9,9,5,15,1,11,6,13,1,0,8,3,4,7,0,12,0,0,0,12,2,810
Joachim Andersen,CRY,D,1.00,121.0,13.44,77.5,8.61,0.36,-22.5,51,9,9,2,9,0,4,8,1,0,0,5,8,50,7,7,26,0,0,0,11,4,810
James Ward-Prowse,WHU,M,0.89,118.0,14.96,84.5,10.71,0.28,-3.5,12,8,8,2,19,3,6,6,3,1,0,4,13,13,5,4,5,0,0,0,15,1,710
Mathias Jensen,BRF,M,1.00,112.5,14.61,77.0,10.0,0.32,-7.5,39,9,9,3,17,2,4,13,7,2,0,6,6,9,5,2,2,0,1,0,9,4,693
Abdoulaye Doucoure,EVE,M,1.00,112.5,13.25,85.0,10.01,0.24,-6.5,35,9,9,3,15,1,10,11,9,1,0,1,7,4,12,0,8,0,0,0,14,1,764
Kaoru Mitoma,BHA,M,0.89,111.0,13.23,75.5,9.0,0.32,-9.5,14,8,9,3,16,3,7,2,7,3,0,3,4,2,19,0,3,0,0,0,17,0,755
Phil Foden,MCI,M,0.89,108.0,14.03,83.5,10.84,0.23,-5.5,15,8,9,1,23,3,4,7,11,0,0,2,3,5,16,0,3,0,0,0,6,3,693
Anthony Gordon,NEW,M,0.78,104.0,15.36,63.0,9.31,0.39,-15.0,48,7,8,3,8,4,8,8,10,5,0,3,1,2,13,0,4,0,2,0,5,5,609
Eberechi Eze,CRY,M,0.78,104.0,14.92,96.0,13.77,0.08,-10.0,21,7,7,1,18,1,8,4,16,1,0,7,2,1,27,1,6,0,0,0,7,3,627
Martin Odegaard,ARS,M,1.00,103.5,11.86,71.0,8.13,0.31,-10.5,16,9,9,3,15,2,10,5,17,1,0,4,3,1,7,0,0,0,1,0,7,4,786
Dominik Szoboszlai,LIV,M,1.00,102.5,11.39,85.0,9.44,0.17,-5.5,19,9,9,1,21,2,4,10,7,1,0,3,6,9,10,1,2,0,2,0,9,2,810
Douglas Luiz,AVL,M,1.00,102.0,12.1,66.0,7.83,0.35,-11.0,55,9,9,5,10,0,7,14,6,4,0,3,4,8,5,4,4,0,0,0,13,2,759
Yoane Wissa,BRF,F,1.00,102.0,12.11,68.0,8.08,0.33,-5.0,50,9,9,3,9,2,9,7,6,1,0,1,5,4,8,2,14,0,1,0,10,3,758
Raheem Sterling,CHE,F,0.89,100.5,12.61,68.5,8.59,0.32,-13.0,34,8,9,3,11,3,6,6,18,2,0,6,1,1,17,0,1,0,2,0,8,2,717
Moussa Diaby,AVL,F,1.00,99.5,12.72,63.0,8.06,0.37,-5.5,30,9,9,2,16,4,8,1,11,0,0,4,1,1,9,0,0,0,0,0,12,2,704
Dejan Kulusevski,TOT,M,1.00,99.5,11.19,87.5,9.84,0.12,-10.0,27,9,9,2,22,0,6,5,16,1,0,5,6,1,15,0,1,0,0,0,7,4,800
Cristian Romero,TOT,D,1.00,99.25,12.19,64.25,7.89,0.35,-21.0,57,9,9,2,4,0,2,14,0,2,0,0,13,37,1,5,22,0,0,1,6,4,733
Willy Boly,NOT,D,0.89,96.0,12.61,70.5,9.26,0.27,-20.5,77,8,8,1,2,0,5,13,1,1,0,0,11,42,1,12,27,0,0,0,9,3,685
Alexander Isak,NEW,F,0.67,95.0,17.56,42.5,7.86,0.55,-1.5,25,6,8,6,4,0,11,0,3,0,0,0,0,1,12,0,1,0,0,0,6,2,487
Morgan Gibbs-White,NOT,M,0.89,95.0,11.43,90.0,10.83,0.05,-9.0,20,8,9,0,19,2,3,8,6,3,0,6,7,2,17,2,12,0,0,0,11,2,748
Solly March,BHA,M,0.78,93.0,15.15,65.0,10.59,0.3,-7.0,63,7,7,3,7,1,6,14,10,1,0,3,11,8,8,0,6,0,0,0,11,2,553
Ben White,ARS,D,1.00,91.0,10.11,55.0,6.11,0.4,-21.0,92,9,9,1,9,1,3,9,2,2,0,5,7,20,2,9,10,0,0,0,8,4,810
Pedro Porro,TOT,D,0.89,89.75,11.3,54.75,6.9,0.39,-15.0,32,8,8,0,10,2,0,17,2,1,0,3,6,19,6,5,5,0,0,0,6,4,715
Hwang Hee-Chan,WOL,F,0.67,88.0,15.91,44.5,8.05,0.49,-7.5,107,6,9,5,5,1,5,4,3,3,0,2,4,2,13,1,1,0,0,0,7,0,498
James Tarkowski,EVE,D,1.00,86.0,9.58,67.0,7.46,0.22,-32.0,53,9,9,1,7,1,1,8,4,1,0,1,14,32,2,16,30,0,0,0,14,1,808
Carlton Morris,LUT,F,1.00,83.0,9.7,59.5,6.95,0.28,-9.5,84,9,9,3,6,1,6,3,15,1,0,0,0,11,10,0,45,0,0,0,17,0,770
Matheus Cunha,WOL,F,1.00,82.0,10.38,69.0,8.73,0.16,-11.0,117,9,9,2,8,1,8,7,18,1,0,0,4,4,21,2,6,0,0,0,13,1,711
Alfie Doughty,LUT,M,0.67,82.0,13.2,76.5,12.32,0.07,-0.5,74,6,9,0,21,1,0,9,1,0,0,9,6,9,4,0,13,0,0,0,12,0,559
Pascal Gross,BHA,M,0.78,82.0,11.94,67.5,9.83,0.18,-4.5,22,7,7,2,17,0,7,2,5,1,0,3,5,3,7,1,3,0,0,0,10,1,618
Ethan Pinnock,BRF,D,1.00,81.75,9.08,69.75,7.75,0.15,-24.0,37,9,9,0,3,0,1,6,0,0,0,0,16,59,2,8,39,0,0,0,12,2,810
Conor Gallagher,CHE,M,1.00,81.0,9.53,71.0,8.35,0.12,-5.0,120,9,9,0,10,2,3,15,6,1,0,1,16,6,7,2,8,0,0,0,8,3,765
Tomas Soucek,WHU,M,0.89,80.5,11.91,59.0,8.73,0.27,-3.5,65,8,8,2,6,1,4,9,3,1,0,1,8,23,0,9,24,0,0,0,11,1,608
Dominic Solanke,BOU,F,1.00,80.5,9.01,54.0,6.05,0.33,-15.5,56,9,9,4,9,1,9,1,27,1,0,1,2,11,9,1,8,0,0,0,19,1,804
Odsonne Edouard,CRY,F,0.89,80.5,10.44,51.5,6.68,0.36,-7.0,96,8,8,4,6,0,10,5,10,1,0,0,3,7,6,0,11,0,0,0,8,3,694
Declan Rice,ARS,M,1.00,80.0,9.56,60.5,7.23,0.24,-2.5,75,9,9,2,6,0,5,13,5,0,0,0,13,11,4,4,9,0,0,0,7,4,753
Andrew Robertson,LIV,D,0.89,79.25,9.91,65.75,8.22,0.17,-20.5,89,8,8,1,19,0,2,11,1,1,0,6,8,19,1,3,8,0,0,0,9,1,720
Lucas Digne,AVL,D,1.00,78.75,8.86,57.25,6.44,0.27,-37.5,110,9,9,0,15,3,1,7,7,4,0,10,15,21,1,0,13,0,0,0,13,2,800
Darwin Nunez,LIV,F,0.33,77.0,20.87,31.5,8.54,0.59,-5.5,24,3,8,3,4,4,7,4,7,1,0,0,0,1,3,1,3,0,0,0,3,1,332
Vladimir Coufal,WHU,D,1.00,76.75,8.57,44.25,4.94,0.42,-33.5,87,9,9,0,12,4,0,16,3,0,0,7,10,21,2,3,9,0,0,0,16,1,806
Marcus Rashford,MUN,F,1.00,76.0,9.05,66.0,7.86,0.13,-11.0,26,9,9,1,10,2,7,2,18,1,0,0,0,3,23,1,8,0,1,0,13,2,756
Pape Sarr,TOT,M,0.89,76.0,11.11,64.0,9.36,0.16,-6.0,108,8,9,1,10,1,8,10,4,2,0,0,6,7,6,3,6,0,0,0,5,3,616
Lucas Paqueta,WHU,M,1.00,75.0,8.55,78.0,8.89,-0.04,-20.0,44,9,9,1,10,1,3,21,24,4,0,1,9,9,13,0,16,0,0,0,14,2,789
Christian Norgaard,BRF,M,1.00,74.5,8.83,63.5,7.52,0.15,-6.0,95,9,9,1,9,1,3,17,4,2,0,2,11,14,1,2,13,0,0,0,12,2,760
Bruno Guimaraes,NEW,M,1.00,74.5,8.68,69.0,8.04,0.07,-13.5,99,9,9,1,13,1,4,11,11,4,0,1,4,3,13,3,6,0,0,0,9,4,772
Jeremy Doku,MCI,F,0.56,74.0,16.74,62.5,14.14,0.16,-3.5,38,5,6,1,10,1,4,7,3,1,0,2,5,1,20,0,1,0,0,0,6,0,398
Levi Colwill,CHE,D,1.00,73.5,8.28,50.0,5.63,0.32,-19.5,130,9,9,0,4,1,2,11,3,0,0,0,9,24,4,5,21,0,0,0,9,3,799
Virgil van Dijk,LIV,D,0.78,73.0,11.59,62.0,9.84,0.15,-25.0,36,7,7,0,5,2,1,2,0,1,1,0,13,40,0,9,32,0,0,0,8,1,567
James Garner,EVE,M,0.89,73.0,9.32,60.5,7.73,0.17,-3.5,93,8,9,1,12,1,4,11,3,1,0,3,3,6,5,2,9,0,0,0,13,1,705
Dan Burn,NEW,D,1.00,72.5,8.06,42.0,4.67,0.42,-21.5,88,9,9,1,3,0,2,9,3,1,0,2,8,20,1,5,20,0,0,0,9,4,810
Taiwo Awoniyi,NOT,F,0.67,72.5,13.43,39.0,7.22,0.46,-5.5,70,6,7,3,9,2,3,2,7,1,0,0,0,6,6,0,14,0,0,0,8,1,486
John McGinn,AVL,M,1.00,72.0,8.67,55.5,6.69,0.23,-6.5,132,9,9,1,13,2,2,3,5,2,0,5,5,2,12,0,1,0,0,0,11,2,747
Anthony Elanga,NOT,F,0.33,70.0,16.79,44.5,10.67,0.36,-1.5,129,3,9,1,7,3,7,0,3,0,0,4,1,2,9,0,5,0,0,0,3,0,375
Callum Wilson,NEW,F,0.33,70.0,19.5,34.0,9.47,0.51,-9.0,54,3,8,5,1,0,12,0,14,1,0,0,0,1,6,0,4,0,0,0,5,3,323
Joao Pedro,BHA,F,0.44,69.0,13.12,55.0,10.46,0.2,-10.0,52,4,9,2,12,1,3,5,16,1,0,1,3,7,11,0,6,0,1,0,11,1,473
Luis Diaz,LIV,F,0.89,67.0,9.67,49.5,7.14,0.26,-6.5,29,8,9,2,7,1,4,9,13,0,0,0,1,0,15,0,5,0,0,0,7,2,624
Philip Billing,BOU,M,1.00,67.0,7.73,65.0,7.5,0.03,-5.0,119,9,9,0,10,1,2,10,10,0,0,2,12,20,5,4,16,0,0,0,19,1,780
Iyenoma Destiny Udogie,TOT,D,1.00,66.75,8.25,44.75,5.53,0.33,-26.0,46,9,9,0,7,2,1,13,8,3,0,0,10,23,7,2,7,0,0,0,8,3,728
Simon Adingra,BHA,F,0.44,66.5,14.58,44.0,9.65,0.34,-1.5,69,4,8,2,5,1,4,7,3,0,0,3,8,1,7,0,2,0,0,0,11,0,410
Evan Ferguson,BHA,F,0.56,65.5,13.73,35.5,7.44,0.46,-6.0,66,5,9,4,3,0,11,1,12,0,0,0,1,3,3,1,3,0,0,0,11,1,429
Jordan Ayew,CRY,F,1.00,65.5,7.92,71.0,8.59,-0.08,-17.5,118,9,9,0,8,2,5,10,27,2,0,2,7,2,19,0,14,0,0,0,8,4,744
Gustavo Hamer,SHU,M,0.89,64.5,9.06,50.5,7.09,0.22,-5.0,102,8,8,2,11,0,5,6,6,1,0,4,4,8,3,1,1,0,0,0,16,1,641
Rodri,MCI,M,0.78,64.0,10.11,53.0,8.37,0.17,-15.0,41,7,7,2,6,1,7,9,4,3,1,0,4,8,10,0,8,0,0,0,4,2,570
Matty Cash,AVL,D,1.00,64.0,7.22,35.5,4.01,0.45,-34.5,72,9,9,2,2,1,8,14,3,2,0,2,7,18,4,5,3,0,0,1,12,2,797
Lyle Foster,BUR,F,0.78,63.0,9.38,36.5,5.43,0.42,-12.5,115,7,7,3,6,2,5,1,11,0,1,0,1,11,4,1,15,0,0,0,19,1,605
Eddie Nketiah,ARS,F,0.78,63.0,9.65,40.5,6.2,0.36,-7.5,200,7,9,2,5,2,4,3,7,2,0,0,3,1,7,0,11,0,2,0,4,5,588
Pervis Estupinan,BHA,D,0.67,62.75,11.41,41.75,7.59,0.33,-30.0,33,6,6,1,13,3,4,3,2,2,0,6,8,7,2,1,6,0,0,1,10,0,495
Gabriel Martinelli,ARS,M,0.67,61.5,11.6,45.0,8.49,0.27,-5.5,17,6,7,1,7,2,5,3,11,0,0,3,3,1,10,0,4,0,0,0,6,1,477
Richarlison,TOT,F,0.67,61.5,11.8,46.5,8.93,0.24,-12.0,61,6,9,1,6,3,7,3,16,2,0,1,4,4,6,2,9,0,0,0,4,2,469
Micky van de Ven,TOT,D,1.00,60.75,6.77,29.75,3.31,0.51,-19.0,200,9,9,1,0,0,1,10,2,1,0,0,4,27,5,5,13,0,0,0,8,4,808
Casemiro,MUN,M,0.89,60.0,8.33,55.5,7.71,0.08,-6.5,80,8,8,1,7,0,4,12,9,1,0,2,5,16,3,5,13,0,0,0,11,2,648
Sean Longstaff,NEW,M,0.56,59.0,9.95,35.0,5.9,0.41,-10.0,134,5,9,2,5,2,4,5,12,2,0,3,3,4,2,3,2,0,0,0,6,4,534
Axel Disasi,CHE,D,0.89,58.5,7.31,35.5,4.44,0.39,-19.0,200,8,8,1,2,0,2,1,2,2,0,0,4,22,2,7,22,0,0,0,7,3,720
Willian,FUL,F,0.67,58.5,9.93,51.0,8.66,0.13,-7.5,73,6,8,1,11,1,6,1,11,1,0,2,4,2,8,0,4,0,0,0,7,2,530
Diogo Dalot,MUN,D,0.78,58.25,8.02,45.75,6.3,0.21,-27.5,49,7,8,1,9,0,2,6,3,1,0,9,8,19,10,1,9,0,0,0,12,1,653
Nathan Collins,BRF,D,0.89,58.0,7.17,43.5,5.38,0.25,-24.5,200,8,9,0,2,1,0,5,1,2,0,0,13,34,6,2,25,0,0,0,10,2,728
Nicolas Jackson,CHE,F,0.67,58.0,9.05,56.0,8.74,0.03,-16.0,60,6,8,2,6,0,9,5,12,5,0,0,2,5,13,2,8,0,0,0,7,3,577
Thiago Silva,CHE,D,1.00,58.0,6.44,44.0,4.89,0.24,-22.0,131,9,9,0,4,0,1,5,0,2,0,0,7,40,1,8,21,0,0,0,9,3,810
Marc Guehi,CRY,D,0.89,57.25,7.17,33.75,4.23,0.41,-16.5,136,8,8,0,2,0,0,8,1,0,0,0,6,39,4,9,9,0,0,0,8,4,718
Diogo Jota,LIV,F,0.44,57.0,13.83,39.0,9.47,0.32,-12.0,45,4,8,2,7,2,4,5,6,1,1,0,1,3,7,1,6,0,0,0,3,1,371
Enzo Fernandez,CHE,M,1.00,57.0,6.62,68.5,7.96,-0.2,-15.5,125,9,9,0,13,0,6,9,11,3,0,3,4,6,7,4,7,1,0,0,8,4,775
Boubacar Kamara,AVL,M,1.00,57.0,6.71,61.0,7.18,-0.07,-6.0,200,9,9,0,12,0,0,16,4,2,0,0,9,4,7,2,6,0,0,0,13,2,764
Leon Bailey,AVL,F,0.22,56.5,23.35,28.0,11.57,0.5,-4.5,200,2,7,3,4,1,3,0,5,1,0,3,3,1,7,0,2,0,0,0,4,1,218
Billy Gilmour,BHA,M,0.56,56.5,11.17,40.5,8.0,0.28,-3.0,200,5,8,0,11,3,2,7,2,1,0,2,1,3,2,2,1,0,0,0,11,1,455
Kyle Walker,MCI,D,1.00,56.0,6.24,34.5,3.84,0.38,-17.5,200,9,9,0,9,1,1,4,3,1,0,4,5,10,6,0,7,0,0,0,7,3,808
Cheick Doucoure,CRY,M,0.89,55.5,6.95,60.0,7.52,-0.08,-7.5,200,8,8,0,7,0,2,13,7,2,0,0,16,8,9,2,4,0,0,0,10,3,718
Ryan Christie,BOU,M,0.89,55.5,8.31,54.5,8.16,0.02,-6.0,200,8,9,0,8,1,5,5,12,0,0,4,7,7,10,1,3,0,0,0,15,1,601
Cole Palmer,CHE,M,0.33,55.0,15.11,34.0,9.34,0.38,-10.0,85,3,7,2,8,2,5,1,12,2,0,1,3,0,3,0,0,0,0,0,3,1,328
Fabian Schar,NEW,D,1.00,55.0,6.11,34.0,3.78,0.38,-21.0,58,9,9,0,1,0,1,7,2,1,0,0,8,28,3,8,15,0,0,0,9,4,810
Sven Botman,NEW,D,0.56,54.75,11.04,27.75,5.59,0.49,-8.0,116,5,5,1,2,1,1,5,0,1,0,0,4,15,0,3,12,0,0,0,3,2,446
William Saliba,ARS,D,1.00,54.25,6.03,23.75,2.64,0.56,-16.5,114,9,9,0,2,1,0,3,1,0,0,0,8,19,2,6,12,0,0,0,8,4,810
Michail Antonio,WHU,F,1.00,54.0,7.13,40.5,5.35,0.25,-10.5,200,9,9,2,4,1,4,2,13,2,0,0,1,1,14,3,9,0,0,0,10,4,681
Tyrick Mitchell,CRY,D,1.00,53.5,5.94,29.5,3.28,0.45,-29.0,200,9,9,0,6,1,0,10,6,2,0,6,6,26,4,4,3,0,0,0,11,4,810
Andreas Pereira,FUL,M,0.89,53.5,8.12,40.0,6.07,0.25,-10.5,91,8,9,1,13,2,2,0,13,2,0,1,1,4,5,0,6,0,0,0,11,3,593
Trent Alexander-Arnold,LIV,D,0.67,52.75,9.32,39.25,6.93,0.26,-17.5,13,6,7,0,10,1,2,9,3,2,0,3,5,13,7,0,0,0,0,0,6,2,509
Amadou Onana,EVE,M,1.00,52.5,6.02,52.5,6.02,0.0,-1.0,200,9,9,0,6,0,3,13,2,0,0,0,5,10,3,0,27,0,0,0,13,1,785
Manor Solomon,TOT,F,0.22,52.0,24.3,43.0,20.09,0.17,-3.0,200,2,5,0,12,2,1,3,2,1,0,1,3,1,10,0,0,0,0,0,2,0,193
Chris Wood,NOT,F,0.22,52.0,20.72,27.5,10.96,0.47,-2.5,200,2,9,3,5,0,5,1,5,0,0,0,1,4,0,0,11,0,0,0,2,1,226
Luca Koleosho,BUR,F,0.78,52.0,8.61,51.0,8.44,0.02,-5.0,200,7,9,0,9,1,2,3,10,0,0,2,0,0,24,0,0,0,0,0,17,1,544
Mykhailo Mudryk,CHE,M,0.44,50.0,14.84,27.0,8.01,0.46,-4.0,90,4,8,2,5,1,2,4,4,1,0,2,1,2,6,0,0,0,0,0,2,3,303
Kurt Zouma,WHU,D,1.00,49.75,5.53,35.75,3.97,0.28,-34.0,137,9,9,1,1,0,2,5,0,1,0,0,13,55,0,7,23,0,0,0,16,1,810
Scott McTominay,MUN,M,0.33,49.0,18.15,22.5,8.33,0.54,-1.5,140,3,6,3,1,0,4,5,3,0,0,0,3,4,2,1,3,0,0,0,4,1,243
Oliver McBurnie,SHU,F,0.56,49.0,10.34,46.5,9.81,0.05,-12.5,109,5,6,1,4,1,7,1,7,1,1,1,2,9,4,1,31,0,0,0,11,0,427
Zeki Amdouni,BUR,F,0.89,49.0,8.18,45.0,7.51,0.08,-5.0,200,8,8,1,4,0,7,5,6,1,0,0,3,3,10,3,4,0,0,0,13,1,539
Yves Bissouma,TOT,M,0.89,48.5,6.65,69.0,9.47,-0.42,-22.5,86,8,8,0,5,0,3,18,15,4,1,0,13,13,17,3,4,0,0,0,8,2,656
Vitaly Janelt,BRF,M,1.00,48.0,6.02,44.0,5.51,0.08,-5.0,200,9,9,0,10,1,2,7,2,2,0,1,5,8,1,1,10,0,0,0,7,3,718
Miguel Almiron,NEW,M,0.78,47.5,7.38,32.5,5.05,0.32,-5.0,76,7,9,2,4,0,5,4,6,1,0,0,5,3,5,0,1,0,0,0,6,2,580
Oliver Norwood,SHU,M,0.78,47.0,6.94,52.5,7.75,-0.12,-5.5,200,7,8,0,8,0,3,14,3,2,0,1,8,13,0,3,9,0,0,0,18,0,609
Bobby De Cordova-Reid,FUL,F,0.67,47.0,8.55,27.0,4.91,0.43,-4.0,200,6,8,2,3,1,3,9,4,1,0,0,0,4,3,1,4,0,0,0,11,1,495
Dwight McNeil,EVE,M,0.56,46.0,10.13,45.0,9.91,0.02,-6.0,28,5,6,0,10,1,2,2,12,0,0,5,4,3,7,2,2,0,0,0,4,1,409
Chiedozie Ogbene,LUT,F,0.56,46.0,8.26,40.0,7.18,0.13,-3.0,200,5,9,1,8,0,1,7,6,0,0,0,1,6,11,1,4,0,0,0,10,0,501
Elliot Anderson,NEW,M,0.44,46.0,10.31,42.0,9.42,0.09,-5.0,200,4,9,0,6,1,3,6,10,0,0,2,2,6,8,3,6,0,0,0,5,3,401
Josko Gvardiol,MCI,D,0.67,45.75,7.51,38.25,6.28,0.16,-12.5,200,6,7,0,4,0,3,6,5,1,0,1,8,9,4,3,8,0,0,0,4,2,548
Max Kilman,WOL,D,1.00,45.0,5.0,45.0,5.0,0.0,-36.0,200,9,9,0,5,0,2,3,4,2,0,1,12,44,3,8,23,0,0,0,15,1,810
Josh Brownhill,BUR,M,0.56,45.0,7.88,40.0,7.01,0.11,-4.0,138,5,8,1,9,0,1,9,4,1,0,0,7,10,0,1,6,0,0,0,13,0,514
Dominic Calvert-Lewin,EVE,F,0.44,45.0,12.75,30.0,8.5,0.33,-3.0,64,4,6,2,2,0,4,1,6,0,0,0,1,4,3,1,24,0,0,0,5,2,318
Marvelous Nakamba,LUT,M,1.00,45.0,5.0,52.5,5.83,-0.17,-7.5,200,9,9,0,7,0,0,22,3,3,0,1,8,6,3,3,3,0,0,0,17,0,810
Marcus Tavernier,BOU,M,0.56,45.0,10.82,43.0,10.34,0.04,-5.0,78,5,6,0,6,1,2,4,10,0,0,1,2,2,18,1,2,0,0,0,10,1,374
Cody Gakpo,LIV,F,0.56,45.0,12.82,28.0,7.98,0.38,-1.0,68,5,7,2,4,0,4,2,2,0,0,0,2,4,5,0,6,0,0,0,5,0,316
Jacob Murphy,NEW,M,0.11,44.5,39.73,18.0,16.07,0.6,-1.5,141,1,4,1,4,3,2,2,3,0,0,1,0,2,3,0,0,0,0,0,1,1,101
Gabriel Jesus,ARS,F,0.44,44.5,11.12,41.5,10.38,0.07,-12.0,18,4,7,1,4,1,3,7,16,2,0,0,4,2,13,0,7,0,0,0,4,2,360
Leandro Trossard,ARS,M,0.22,44.5,22.03,27.0,13.37,0.39,-1.5,100,2,5,2,7,0,2,3,3,0,0,2,2,1,2,0,0,0,0,0,2,1,182
Reece Burke,LUT,D,0.78,44.5,6.75,41.0,6.22,0.08,-27.5,200,7,8,0,6,1,1,7,3,1,0,1,7,24,1,6,23,0,0,0,12,0,593
Jarrad Branthwaite,EVE,D,0.78,44.5,6.36,44.5,6.36,0.0,-24.0,200,7,7,0,2,0,1,8,0,3,0,1,13,30,1,7,19,0,0,0,9,1,630
Craig Dawson,WOL,D,1.00,44.5,5.07,45.5,5.18,-0.02,-37.0,200,9,9,0,4,0,3,8,2,3,0,0,6,42,2,13,22,0,0,0,15,1,790
Alexis Mac Allister,LIV,M,1.00,44.5,5.72,54.0,6.94,-0.21,-17.5,94,9,9,0,6,1,1,13,9,3,1,0,13,3,8,4,4,0,0,0,8,2,700
Gabriel Magalhaes,ARS,D,0.67,44.25,7.09,28.25,4.53,0.36,-12.0,106,6,8,0,0,0,0,4,0,1,0,0,10,9,0,9,13,0,0,0,5,3,562
Christian Eriksen,MUN,M,0.33,44.0,9.98,31.5,7.14,0.28,-2.5,200,3,8,1,6,1,2,7,5,0,0,1,2,4,2,3,1,0,0,0,9,0,397
Jefferson Lerma,CRY,M,0.56,44.0,8.87,45.0,9.07,-0.02,-2.0,139,5,5,0,7,0,2,6,4,0,0,0,9,11,3,1,16,0,0,0,8,1,446
Tom Lockyer,LUT,D,0.89,43.75,5.83,31.25,4.17,0.29,-34.5,200,8,8,1,2,1,1,8,1,2,0,0,9,33,3,6,21,0,0,0,15,0,675
Ezri Konsa,AVL,D,1.00,43.75,4.86,26.75,2.97,0.39,-28.0,200,9,9,0,1,1,2,10,0,1,0,0,7,27,4,10,7,0,1,0,13,2,810
Elijah Adebayo,LUT,F,0.44,43.0,11.32,28.0,7.37,0.35,-3.0,200,4,9,2,6,0,2,0,6,0,0,0,3,7,4,0,10,0,0,0,7,0,342
Serge Aurier,NOT,D,0.89,42.75,6.22,29.75,4.33,0.3,-27.0,200,8,8,0,4,2,1,9,6,2,0,4,5,19,2,1,14,0,0,0,10,1,618
Antonee Robinson,FUL,D,0.89,42.75,5.34,40.25,5.03,0.06,-39.5,200,8,8,0,5,0,0,11,5,1,0,4,18,17,9,0,14,0,0,1,15,2,720
Bernardo Silva,MCI,M,0.56,42.5,8.3,33.0,6.45,0.22,-6.5,97,5,6,1,10,1,1,3,5,2,0,4,0,1,2,2,0,0,0,0,4,1,461
Joao Palhinha,FUL,M,0.67,41.5,6.76,40.5,6.6,0.02,-10.0,200,6,7,1,0,0,2,17,8,3,0,0,11,9,1,2,11,0,0,0,8,2,553
Jeffrey Schlupp,CRY,M,0.89,41.0,6.54,43.0,6.86,-0.05,-5.0,200,8,8,0,9,0,3,6,10,0,0,0,1,6,6,1,10,0,0,0,6,3,564
Ben Chilwell,CHE,D,0.44,40.75,11.07,35.75,9.71,0.12,-18.0,124,4,6,0,9,1,2,4,4,3,0,5,3,3,4,0,7,0,0,0,5,1,331
Oleksandr Zinchenko,ARS,D,0.67,39.25,7.59,23.75,4.59,0.39,-12.5,121,6,8,0,7,0,1,8,1,1,0,0,5,3,1,0,3,0,0,0,5,3,465
Vitalii Mykolenko,EVE,D,0.56,39.0,7.85,34.5,6.94,0.12,-11.5,200,5,5,0,3,0,1,15,3,0,0,1,6,14,4,3,4,0,0,0,5,1,447
Emerson,WHU,D,1.00,39.0,4.33,31.0,3.44,0.21,-44.0,144,9,9,0,7,2,0,12,4,5,0,3,12,24,7,2,5,0,1,0,16,1,810
Kai Havertz,ARS,F,0.56,39.0,7.47,32.5,6.23,0.17,-8.5,113,5,9,1,7,1,1,5,5,3,0,0,3,4,1,1,13,0,0,0,4,2,470
Sandro Tonali,NEW,M,0.56,38.5,8.02,33.5,6.98,0.13,-5.0,200,5,8,1,7,0,2,7,2,2,0,3,2,4,3,0,1,0,0,0,5,1,432
Joseph Gomez,LIV,D,0.44,38.5,8.07,35.5,7.44,0.08,-9.0,200,4,8,0,5,0,0,6,2,1,0,2,7,14,3,1,9,0,0,0,3,1,429
Tim Ream,FUL,D,0.89,37.75,4.9,20.25,2.63,0.46,-32.5,200,8,8,1,0,0,1,8,3,1,1,0,7,25,2,3,14,0,0,0,11,3,693
Vinicius de Souza Costa,SHU,M,0.89,37.5,4.85,44.0,5.69,-0.17,-6.5,200,8,9,0,1,0,2,10,5,2,0,0,11,21,6,3,16,0,0,0,22,0,696
Josh Cullen,BUR,M,1.00,37.0,4.27,40.5,4.67,-0.09,-9.5,200,9,9,0,6,1,0,10,3,4,0,1,7,11,1,6,7,0,0,0,21,0,780
Malo Gusto,CHE,D,0.67,37.0,6.69,19.5,3.53,0.47,-18.5,200,6,7,0,3,2,0,7,3,0,1,2,3,6,7,1,2,0,0,0,5,2,498
Pau Torres,AVL,D,0.89,36.75,4.25,14.75,1.71,0.6,-22.0,200,8,9,1,3,0,2,5,0,0,0,0,2,15,7,3,6,0,0,0,11,2,778
Nathan Ake,MCI,D,0.56,36.75,7.18,20.75,4.05,0.44,-10.0,200,5,8,1,1,0,2,6,0,0,0,0,5,7,0,0,12,0,0,0,5,1,461
Mario Lemina,WOL,M,0.89,36.5,4.66,52.5,6.7,-0.44,-17.0,200,8,8,0,2,0,2,14,4,4,1,1,17,14,6,2,9,0,0,0,12,1,705
Manuel Akanji,MCI,D,0.78,36.25,5.19,28.25,4.05,0.22,-20.0,200,7,7,0,4,0,1,8,2,1,1,0,6,13,1,5,5,0,0,0,5,3,628
Harrison Reed,FUL,M,0.67,35.5,6.31,31.0,5.51,0.13,-4.5,200,6,9,0,8,1,0,5,5,1,0,2,2,5,1,3,4,0,0,0,10,3,507
Said Benrahma,WHU,M,0.33,35.5,9.65,31.0,8.42,0.13,-2.5,150,3,7,0,7,1,3,1,5,0,0,1,2,2,7,0,0,0,0,0,5,1,331
Fabio Vieira,ARS,M,0.22,35.5,17.57,18.0,8.91,0.49,-1.5,200,2,5,0,3,3,1,2,3,0,0,2,2,1,2,0,0,0,1,0,2,1,182
Scott McKenna,NOT,D,0.56,35.25,7.63,29.25,6.33,0.17,-12.0,200,5,5,0,3,0,0,0,0,0,0,0,5,25,0,4,20,0,0,0,6,1,416
Kevin Schade,BRF,M,0.33,35.0,12.46,20.5,7.3,0.41,-1.5,200,3,5,1,3,1,2,1,3,0,0,2,1,3,1,0,11,0,0,0,2,1,253
David Brooks,BOU,M,0.22,35.0,14.46,28.5,11.78,0.19,-2.5,200,2,8,1,6,0,4,4,1,1,0,1,2,2,1,0,1,0,0,0,3,0,218
Kristoffer Ajer,BRF,D,0.44,35.0,8.45,25.5,6.16,0.27,-17.5,200,4,7,0,3,1,1,6,3,1,0,1,3,14,3,1,14,0,0,0,7,1,373
Joel Matip,LIV,D,0.67,35.0,5.93,35.5,6.02,-0.01,-18.5,200,6,7,0,1,0,0,4,3,0,0,0,8,30,0,4,22,0,0,1,6,1,531
Lewis Cook,BOU,M,0.67,35.0,6.02,43.0,7.4,-0.23,-9.0,200,6,7,0,4,0,1,8,4,0,1,0,16,2,4,3,4,0,0,0,14,1,523
Timothy Castagne,FUL,D,0.56,34.75,6.71,25.75,4.97,0.26,-15.0,200,5,6,0,4,0,1,4,2,1,0,3,7,7,6,2,4,0,0,0,6,2,466
Aaron Wan-Bissaka,MUN,D,0.44,34.75,9.22,26.75,7.1,0.23,-17.0,126,4,5,0,4,1,0,8,2,2,0,1,7,15,5,2,4,0,0,0,6,1,339
Rico Henry,BRF,D,0.56,34.75,7.79,27.25,6.11,0.22,-15.5,200,5,5,0,5,1,0,5,7,1,0,2,5,5,7,3,4,0,0,0,5,1,401
Nayef Aguerd,WHU,D,0.89,34.75,4.5,26.25,3.4,0.24,-37.5,145,8,8,1,1,0,2,1,1,0,1,0,10,33,1,13,17,0,0,0,15,1,696
Arnaut Danjuma Groeneveld,EVE,F,0.33,34.5,8.58,28.5,7.09,0.17,-3.0,200,3,8,1,3,0,6,1,6,0,0,0,2,0,6,0,3,0,0,0,8,0,362
Issa Kabore,LUT,D,0.67,34.25,6.05,32.25,5.7,0.06,-23.0,200,6,8,0,6,1,0,7,2,2,0,9,7,9,4,2,7,0,0,0,9,0,509
Jacob Brown,LUT,F,0.67,34.0,6.12,39.0,7.01,-0.15,-11.0,200,6,9,0,5,1,4,4,14,2,0,3,4,4,2,0,16,0,0,0,11,0,500
Antony,MUN,F,0.56,34.0,7.71,38.0,8.62,-0.12,-4.0,81,5,6,0,8,0,4,2,4,1,0,1,5,0,6,0,0,0,0,0,5,1,397
Harry Toffolo,NOT,D,0.22,34.0,14.66,21.0,9.05,0.38,-4.0,200,2,3,0,3,1,2,0,0,0,0,3,6,8,0,3,1,0,0,0,2,1,209
Joao Gomes,WOL,M,1.00,33.0,4.44,38.0,5.11,-0.15,-12.0,200,9,9,0,4,1,0,16,12,3,0,2,4,7,5,1,4,0,0,0,14,1,669
Cameron Archer,SHU,F,0.67,33.0,5.89,31.0,5.54,0.06,-13.0,200,6,7,1,7,1,3,1,18,2,0,0,1,0,6,1,4,0,0,0,18,0,504
Sander Berge,BUR,M,0.78,32.5,5.1,34.5,5.42,-0.06,-8.0,200,7,9,0,5,1,0,4,8,2,0,0,2,8,5,5,17,0,0,0,17,0,573
Jack Harrison,EVE,M,0.22,32.0,17.2,16.5,8.87,0.48,-0.5,67,2,3,1,3,1,1,1,1,0,0,2,1,1,3,0,3,0,0,0,0,1,167
Mads Andersen,LUT,D,0.44,32.0,7.79,24.0,5.84,0.25,-14.0,200,4,6,1,0,0,1,5,0,1,0,0,8,24,0,5,10,0,0,0,6,0,370
Matheus Nunes,MCI,M,0.44,31.5,7.95,34.5,8.71,-0.1,-10.0,200,4,6,0,4,1,0,3,6,0,1,2,6,5,13,1,3,0,0,0,7,1,356
Moises Caicedo,CHE,M,0.67,31.5,5.25,33.5,5.58,-0.06,-4.0,200,6,7,0,3,0,1,8,4,1,0,0,3,6,5,5,9,0,0,0,6,2,540
Joel Ward,CRY,D,0.89,31.25,3.95,19.75,2.5,0.37,-28.5,200,8,8,0,0,0,0,9,1,3,0,1,6,23,3,3,14,0,0,0,11,3,712
Alex Iwobi,FUL,M,0.33,31.0,8.24,32.5,8.64,-0.05,-1.5,104,3,7,0,9,0,2,3,3,0,0,2,2,0,3,0,1,0,0,0,5,0,338
Jamaal Lascelles,NEW,D,0.33,30.75,9.7,19.25,6.07,0.37,-4.5,200,3,4,0,1,0,0,0,1,0,0,0,0,9,1,3,15,0,0,0,2,2,285
Raphael Varane,MUN,D,0.44,30.75,8.49,15.75,4.35,0.49,-11.0,200,4,6,1,1,0,2,4,2,0,0,0,1,19,1,2,7,0,0,0,5,1,326
Antoine Semenyo,BOU,F,0.33,30.5,10.93,23.5,8.42,0.23,-8.0,200,3,6,1,1,1,5,1,12,1,0,1,0,1,8,0,3,0,0,0,8,0,251
Nicolas Dominguez,NOT,M,0.44,30.5,8.18,19.5,5.23,0.36,0.0,149,4,4,1,0,0,3,9,0,0,0,0,2,7,0,0,5,0,0,0,3,2,336
Beto,EVE,F,0.33,30.5,9.81,34.0,10.93,-0.11,-3.5,143,3,6,0,5,0,1,4,7,0,0,0,0,5,9,0,18,0,0,0,5,1,280
Edson Alvarez,WHU,M,0.78,30.5,4.66,34.0,5.2,-0.11,-10.5,200,7,8,0,2,1,1,8,5,4,0,0,5,27,6,3,12,0,0,0,12,1,589
Jean-Philippe Mateta,CRY,F,0.33,30.5,7.64,23.0,5.76,0.25,-10.5,200,3,7,0,5,3,2,2,17,1,0,0,1,3,2,0,8,0,0,0,7,2,359
James Mcatee,SHU,M,0.44,30.5,8.76,30.0,8.62,0.02,-6.5,200,4,6,0,6,1,2,6,9,1,0,1,1,0,5,0,2,0,0,0,13,1,313
Joelinton,NEW,M,0.56,30.0,7.37,32.0,7.86,-0.07,-3.0,98,5,6,0,5,0,2,9,2,1,0,0,4,3,3,1,2,0,0,0,4,1,366
Harry Wilson,FUL,M,0.67,29.5,5.19,30.0,5.28,-0.02,-2.5,200,6,9,0,5,0,3,4,5,0,0,4,2,0,4,0,0,0,0,0,10,2,511
Idrissa Gueye,EVE,M,0.78,29.0,4.85,34.5,5.77,-0.19,-5.5,200,7,7,0,5,0,1,10,7,1,0,1,5,4,5,1,1,0,0,0,10,0,538
Callum Hudson-Odoi,NOT,F,0.33,29.0,11.51,21.0,8.33,0.28,-1.0,200,3,4,1,4,0,2,1,2,0,0,0,0,2,8,0,0,0,0,0,2,1,227
Frank Onyeka,BRF,M,0.11,29.0,12.83,33.0,14.6,-0.14,-5.0,200,1,7,0,5,0,2,7,2,2,0,3,5,2,3,0,2,0,0,0,6,1,203
Pablo Sarabia,WOL,M,0.22,28.5,14.04,25.5,12.56,0.11,-4.0,200,2,5,0,8,1,2,2,4,1,0,1,0,0,1,1,1,0,0,0,1,1,183
Ansu Fati,BHA,F,0.00,28.5,18.51,13.5,8.77,0.53,-3.0,101,0,5,2,2,0,4,1,2,1,0,0,0,0,0,0,1,0,0,0,4,0,139
Issa Diop,FUL,D,0.89,27.5,3.53,15.0,1.93,0.45,-31.5,200,8,8,0,0,0,1,6,3,2,0,0,7,36,0,4,13,0,0,0,13,3,700
Jonny Evans,MUN,D,0.33,27.25,9.21,16.75,5.66,0.39,-10.5,200,3,4,0,3,1,0,2,1,1,0,0,3,15,0,1,9,0,0,0,4,1,266
Ruben Dias,MCI,D,0.78,27.25,3.81,20.75,2.9,0.24,-17.5,200,7,8,0,1,0,3,4,1,0,0,1,7,15,0,3,6,0,0,1,6,2,644
Illia Zabarnyi,BOU,D,1.00,27.25,3.03,25.75,2.86,0.06,-44.5,200,9,9,0,0,0,1,8,1,2,0,0,11,31,7,11,19,0,0,0,20,1,810
Jayden Bogle,SHU,D,0.56,27.0,5.99,6.0,1.33,0.78,-24.0,200,5,6,1,2,1,1,1,4,0,0,2,7,8,2,1,7,0,0,0,11,1,406
Sasa Kalajdzic,WOL,F,0.00,27.0,72.97,11.5,31.08,0.57,-2.5,200,0,5,2,2,0,2,1,1,1,0,0,0,2,1,0,3,0,0,0,1,0,33
Will Hughes,CRY,M,0.56,27.0,5.65,33.0,6.9,-0.22,-9.0,200,5,6,0,4,0,2,8,10,2,0,0,4,12,4,5,0,0,0,0,8,3,430
Nelson Semedo,WOL,D,0.89,26.75,3.38,31.75,4.01,-0.19,-39.0,200,8,8,0,2,0,1,12,6,4,0,4,11,23,13,4,4,0,0,0,14,1,713
Thomas Partey,ARS,M,0.33,26.5,9.57,27.0,9.75,-0.02,-1.5,200,3,4,0,3,0,1,5,3,0,0,2,4,2,6,1,2,0,0,0,2,1,249
Jack Grealish,MCI,M,0.22,26.5,11.62,26.0,11.4,0.02,-6.5,31,2,5,0,7,1,0,4,5,2,0,1,3,2,2,1,2,0,0,0,1,1,205
Mohammed Kudus,WHU,M,0.00,26.0,26.0,18.0,18.0,0.31,-1.0,47,0,6,1,1,0,2,5,2,0,0,0,1,1,6,0,0,0,0,0,6,0,90
Danny Welbeck,BHA,F,0.78,26.0,5.76,23.0,5.1,0.12,-6.0,200,7,8,1,5,0,3,3,8,1,0,0,2,6,1,0,2,0,0,0,7,2,406
Raul Jimenez,FUL,F,0.78,25.5,4.19,34.5,5.67,-0.35,-9.0,200,7,8,0,5,0,3,5,14,1,0,0,0,6,3,2,17,0,0,0,11,2,548
Jhon Duran,AVL,F,0.00,25.5,36.43,13.0,18.57,0.49,-5.5,200,0,6,2,1,0,3,2,3,2,0,0,0,1,1,0,4,0,0,0,0,0,63
Orel Mangala,NOT,M,0.89,25.0,3.47,32.5,4.51,-0.3,-9.5,200,8,8,0,4,0,0,5,7,3,0,0,12,4,4,2,3,0,0,0,9,2,649
Carlos Vinicius,FUL,F,0.22,24.5,11.29,18.0,8.29,0.27,-2.5,200,2,5,1,4,0,3,0,5,0,0,0,0,1,2,0,4,0,0,0,2,0,195
Harvey Barnes,NEW,M,0.22,24.5,12.31,12.5,6.28,0.49,-4.0,200,2,6,1,2,1,2,0,4,1,0,0,1,0,3,0,1,0,0,0,2,1,179
Ivan Perisic,TOT,M,0.00,24.5,23.79,22.5,21.84,0.08,-4.0,200,0,5,0,5,1,0,2,0,2,0,2,2,1,4,0,5,0,0,0,1,0,93
Lewis Dunk,BHA,D,1.00,24.25,2.69,18.75,2.08,0.23,-40.5,200,9,9,1,3,0,2,4,1,2,0,1,6,23,3,9,16,0,0,0,18,0,810
Victor Lindelof,MUN,D,0.67,23.0,3.45,13.5,2.02,0.41,-17.5,200,6,8,0,6,1,0,2,3,1,0,0,4,10,1,3,3,0,0,0,7,1,600
Luke Shaw,MUN,D,0.22,22.75,11.38,19.25,9.62,0.15,-6.5,79,2,2,0,6,0,0,2,1,1,0,0,2,9,1,3,1,0,0,0,2,1,180
Ashley Young,EVE,D,1.00,22.75,2.77,31.25,3.81,-0.37,-38.5,200,9,9,0,9,0,1,10,3,3,1,4,6,13,3,3,6,0,0,0,12,1,739
Wilson Odobert,BUR,F,0.22,22.5,13.98,16.0,9.94,0.29,-2.5,200,2,3,1,2,0,2,2,1,1,0,0,0,1,6,0,0,0,0,0,6,0,145
Ryan Giles,LUT,M,0.33,22.5,7.58,22.5,7.58,0.0,0.0,200,3,4,0,4,0,1,3,0,0,0,6,1,7,2,0,1,0,0,0,8,0,267
Kenny Tete,FUL,D,0.56,22.5,4.75,16.0,3.38,0.29,-21.5,200,5,5,0,1,0,0,6,3,2,0,4,7,16,5,1,3,0,0,0,8,2,427
Jacob Bruun Larsen,BUR,F,0.00,22.5,14.24,15.0,9.49,0.33,-1.5,200,0,8,1,2,0,2,1,3,0,0,0,1,3,4,0,2,0,0,0,3,0,142
Julio Enciso,BHA,F,0.11,22.0,29.73,12.0,16.22,0.45,-2.0,142,1,2,0,2,2,1,0,0,1,0,0,0,0,6,0,0,0,0,0,1,0,67
Neal Maupay,BRF,F,0.22,22.0,8.03,20.5,7.48,0.07,-4.5,200,2,6,0,2,1,8,0,5,1,0,0,0,2,0,0,1,0,0,0,4,2,247
Mateo Kovacic,MCI,M,0.56,22.0,4.35,25.0,4.94,-0.14,-6.0,200,5,6,0,5,0,1,8,4,2,0,0,1,2,4,0,0,0,0,0,3,3,455
Ibrahima Konate,LIV,D,0.33,21.25,6.79,17.25,5.51,0.19,-10.0,122,3,6,0,1,0,0,4,0,1,0,0,2,13,2,3,9,0,0,0,4,1,282
Alejandro Garnacho,MUN,M,0.22,21.0,8.61,23.0,9.43,-0.1,-3.0,200,2,7,0,4,0,2,2,6,0,0,1,2,1,5,0,2,0,0,0,3,1,220
Murillo,NOT,M,0.33,20.5,6.83,22.5,7.5,-0.1,-3.0,200,3,3,0,2,0,2,3,2,1,0,0,1,19,4,3,7,0,0,0,3,1,270
Pelly Ruddock,LUT,M,0.56,20.5,3.84,24.5,4.59,-0.2,-4.0,200,5,9,0,4,0,0,1,8,0,0,2,5,5,3,2,7,0,0,0,9,0,481
Rayan Ait-Nouri,WOL,D,0.89,20.25,3.02,32.75,4.88,-0.62,-32.5,200,8,9,0,5,0,0,12,17,2,0,0,5,11,10,5,8,0,0,0,10,0,604
Jan-Paul van Hecke,BHA,D,0.33,19.75,5.98,21.75,6.59,-0.1,-8.0,200,3,5,0,0,0,1,2,0,1,0,0,5,11,0,7,9,0,0,0,3,0,297
Mads Roerslev,BRF,D,0.22,19.75,7.42,20.75,7.8,-0.05,-9.0,200,2,7,0,5,0,0,5,2,0,0,6,1,7,3,0,2,0,0,0,4,0,239
Joel Veltman,BHA,D,0.56,19.5,3.17,16.0,2.6,0.18,-29.5,200,5,9,0,2,1,1,16,3,1,0,0,7,16,1,5,3,0,0,0,13,0,554
Dango Ouattara,BOU,F,0.22,19.5,9.33,20.5,9.81,-0.05,-1.0,200,2,5,0,3,0,1,4,2,0,0,1,1,4,5,0,3,0,0,0,5,1,188
Harry Maguire,MUN,D,0.22,19.5,8.59,12.5,5.51,0.36,-8.0,200,2,4,0,1,1,0,2,0,0,0,1,3,2,0,3,9,0,0,0,4,0,204
Nicolo Zaniolo,AVL,M,0.44,19.5,5.36,27.5,7.55,-0.41,-9.0,200,4,7,0,5,0,2,3,14,1,0,0,1,4,8,0,3,0,0,0,3,1,328
Justin Kluivert,BOU,M,0.44,19.0,5.16,22.5,6.11,-0.18,-3.5,200,4,7,0,4,0,1,1,7,0,0,1,4,1,6,0,1,0,0,0,7,0,331
Johann Gudmundsson,BUR,M,0.33,19.0,10.0,15.0,7.89,0.21,-2.0,200,3,4,0,4,1,0,1,0,1,0,1,3,3,1,0,2,0,0,0,4,0,171
Hannibal Mejbri,MUN,M,0.11,19.0,14.84,11.5,8.98,0.39,-2.5,200,1,2,1,2,0,1,3,1,1,0,0,0,0,1,1,1,0,0,0,1,1,115
Fabio Silva,WOL,F,0.33,19.0,6.96,23.0,8.42,-0.21,-4.0,200,3,7,0,4,0,3,4,4,1,0,0,2,0,2,0,2,0,0,0,7,1,246
Nathan Patterson,EVE,D,0.44,18.75,3.93,15.25,3.2,0.19,-23.5,200,4,8,0,5,1,0,12,3,1,0,3,4,5,2,1,2,0,0,0,10,0,429
Mahmoud Dahoud,BHA,M,0.33,18.5,6.88,14.0,5.2,0.24,-2.5,200,3,5,0,5,1,0,2,1,1,0,1,0,4,0,1,0,0,0,0,3,1,242
Rasmus Hojlund,MUN,F,0.56,18.0,3.89,22.5,4.86,-0.25,-4.5,59,5,6,0,4,0,4,0,9,0,0,0,0,5,5,0,3,0,0,0,7,1,417
Danilo,NOT,M,0.44,17.5,5.57,18.5,5.89,-0.06,-1.0,200,4,4,0,2,0,1,1,2,0,0,0,6,3,3,0,5,0,0,0,6,0,283
Matt Doherty,WOL,D,0.11,17.5,7.03,17.5,7.03,0.0,-10.0,146,1,5,0,4,0,0,1,0,0,0,1,2,10,2,1,10,0,0,0,5,0,224
Ibrahim Sangare,NOT,M,0.56,17.5,4.23,23.0,5.56,-0.31,-7.5,200,5,5,0,1,0,0,8,3,3,0,0,4,4,3,3,6,0,0,0,4,2,373
Cauley Woodrow,LUT,F,0.00,17.0,22.97,19.0,25.68,-0.12,-2.0,200,0,7,0,4,0,1,4,4,0,0,1,0,1,2,0,4,0,0,0,2,0,67
Joe Rothwell,BOU,M,0.33,17.0,5.09,18.0,5.39,-0.06,-1.0,200,3,6,0,3,0,0,2,2,0,0,0,2,1,6,2,0,0,0,0,8,0,301
Pablo Fornals,WHU,M,0.11,17.0,11.18,18.0,11.84,-0.06,-1.0,200,1,7,0,3,0,2,3,2,0,0,0,2,0,3,0,0,0,0,0,3,0,137
Joe Worrall,NOT,D,0.56,16.5,3.42,17.5,3.62,-0.06,-23.0,200,5,6,0,2,0,0,5,0,0,1,0,3,26,0,4,11,0,0,0,8,1,435
Mason Mount,MUN,M,0.44,16.5,5.12,20.0,6.21,-0.21,-4.5,82,4,5,0,4,0,0,5,5,1,0,0,2,0,3,1,2,0,0,0,4,1,290
Saman Ghoddos,BRF,F,0.00,16.0,30.77,11.0,21.15,0.31,-4.0,200,0,4,1,3,0,1,2,0,2,0,1,0,1,0,0,0,0,0,0,2,0,47
Anthony Martial,MUN,F,0.22,15.5,6.65,17.5,7.51,-0.13,-2.0,200,2,7,0,5,0,2,1,4,0,0,0,0,0,1,0,3,0,0,0,4,0,210
Ryan Yates,NOT,M,0.33,15.5,4.2,20.0,5.42,-0.29,-5.5,200,3,7,0,0,0,0,7,3,2,0,0,6,11,0,4,6,0,0,0,7,1,332
Tom Cairney,FUL,M,0.22,15.5,9.01,12.0,6.98,0.23,-2.5,200,2,7,0,3,1,1,0,5,0,0,0,0,1,2,1,2,0,0,0,2,0,155
Jacob Ramsey,AVL,M,0.00,15.5,30.39,7.5,14.71,0.52,-1.0,200,0,2,1,0,0,2,2,2,0,0,0,1,0,0,0,1,0,0,0,0,0,46
Chris Basham,SHU,D,0.33,15.25,4.41,18.25,5.27,-0.2,-15.0,200,3,8,0,2,0,0,2,2,1,0,0,5,17,3,4,8,0,0,0,6,0,311
Lloyd Kelly,BOU,D,0.44,15.25,3.76,11.25,2.77,0.26,-16.0,200,4,5,0,3,0,0,3,0,1,0,0,3,13,1,4,5,0,0,0,7,1,365
Jordan Beyer,BUR,D,0.67,15.0,2.69,21.5,3.85,-0.43,-30.5,200,6,6,0,0,0,0,12,1,3,0,0,8,26,2,6,11,0,0,0,12,0,502
Ryan Gravenberch,LIV,M,0.11,15.0,10.56,14.5,10.21,0.03,-0.5,147,1,5,0,1,0,1,2,1,0,0,0,5,4,3,0,1,0,0,0,2,1,128
Emerson Royal,TOT,D,0.11,14.75,9.39,5.25,3.34,0.64,-6.5,200,1,6,1,0,0,1,2,1,0,0,0,1,9,1,2,1,0,0,0,3,0,141
Harvey Elliott,LIV,M,0.11,14.5,7.0,11.5,5.56,0.21,-3.0,200,1,7,0,3,1,1,0,2,1,0,0,2,2,1,0,1,0,0,0,1,0,186
Benie Traore,SHU,F,0.33,14.0,3.92,17.0,4.76,-0.21,-3.0,200,3,6,0,3,0,1,2,6,0,0,0,1,0,5,1,0,0,0,0,9,0,321
Carlos Baleba,BHA,M,0.22,14.0,7.29,16.5,8.59,-0.18,-2.5,200,2,4,0,1,0,0,3,1,1,0,0,6,2,2,2,3,0,0,0,5,0,173
Ross Barkley,LUT,M,0.22,14.0,7.37,16.5,8.68,-0.18,-2.5,200,2,4,0,4,0,0,0,5,0,0,0,3,2,3,0,5,0,0,0,5,0,171
Jesurun Rak-Sakyi,CRY,M,0.00,14.0,12.73,14.0,12.73,0.0,-1.0,200,0,5,0,2,0,1,1,2,0,0,0,2,1,4,0,2,0,0,0,2,1,99
Sofyan Amrabat,MUN,M,0.33,14.0,4.71,18.0,6.06,-0.29,-4.0,200,3,4,0,3,0,0,6,4,1,0,0,3,3,0,1,4,0,0,0,3,0,267
Marc Cucurella,CHE,D,0.33,13.75,4.58,14.25,4.75,-0.04,-12.5,200,3,3,0,1,0,0,6,1,3,0,0,4,9,0,1,5,0,0,0,3,1,270
Brennan Johnson,TOT,F,0.44,13.5,3.86,15.0,4.29,-0.11,-1.5,105,4,6,0,2,0,2,1,3,0,0,1,1,0,2,1,2,0,0,0,7,0,315
Tariq Lamptey,BHA,D,0.11,13.5,9.0,4.0,2.67,0.7,-14.5,200,1,4,0,2,2,0,3,1,2,0,0,2,0,5,0,0,0,0,0,5,0,135
Armando Broja,CHE,F,0.22,13.5,10.23,5.5,4.17,0.59,-1.0,200,2,3,1,0,0,1,0,2,0,0,0,0,1,3,0,1,0,0,0,1,1,119
Sasa Lukic,FUL,M,0.44,13.5,3.64,16.5,4.45,-0.22,-4.0,200,4,5,0,2,0,1,3,4,1,0,0,3,4,3,1,1,0,0,0,6,1,334
Rico Lewis,MCI,D,0.22,13.0,7.98,2.0,1.23,0.85,-1.0,200,2,4,0,0,0,0,0,2,0,0,0,1,0,1,0,0,0,0,0,0,2,147
Milos Kerkez,BOU,D,1.00,13.0,1.55,17.5,2.09,-0.35,-46.5,200,9,9,0,2,0,0,10,7,1,0,6,8,22,7,2,11,0,0,1,18,1,754
Luis Sinisterra,BOU,F,0.00,12.5,14.37,12.5,14.37,0.0,0.0,135,0,3,0,3,0,0,2,0,0,0,0,1,0,3,0,1,0,0,0,2,0,78
Ben Davies,TOT,D,0.00,12.0,27.91,5.5,12.79,0.54,-0.5,200,0,4,0,0,1,0,3,1,0,0,0,0,2,1,1,0,0,0,0,0,0,39
Sergio Gomez,MCI,D,0.00,12.0,75.0,5.0,31.25,0.58,0.0,200,0,2,0,1,1,0,0,0,0,0,0,1,0,2,0,0,0,0,0,0,0,14
Lewis Dobbin,EVE,F,0.11,11.5,8.91,12.5,9.69,-0.09,-1.0,200,1,3,0,1,0,1,2,2,0,0,0,1,0,5,0,1,0,0,0,2,1,116
Youri Tielemans,AVL,M,0.00,11.5,7.28,7.0,4.43,0.39,-1.5,200,0,9,0,2,1,0,1,3,0,0,0,1,1,1,0,0,0,0,0,3,0,142
Tahith Chong,LUT,M,0.56,11.5,2.4,19.0,3.96,-0.65,-7.5,200,5,7,0,1,0,2,4,7,2,0,4,3,0,2,0,0,0,0,0,10,0,432
Aaron Ramsey,BUR,M,0.22,10.5,4.71,13.0,5.83,-0.24,-2.5,200,2,5,0,1,0,1,6,5,0,0,0,0,3,2,0,2,0,0,0,5,0,201
Oscar Bobb,MCI,M,0.00,10.5,20.19,5.0,9.62,0.52,-0.5,200,0,3,0,1,1,0,0,1,0,0,0,0,0,3,0,0,0,0,0,1,0,47
Konstantinos Tsimikas,LIV,D,0.11,10.25,14.44,4.25,5.99,0.59,0.0,71,1,2,0,1,0,0,0,0,0,0,1,0,1,0,0,1,0,0,0,0,1,64
Mike Tresor,BUR,F,0.22,10.0,4.35,11.0,4.78,-0.1,-1.0,200,2,4,0,4,0,0,2,2,0,0,0,0,1,1,0,0,0,0,0,5,0,207
Teden Mengi,LUT,D,0.22,10.0,3.7,10.0,3.7,0.0,-8.0,200,2,4,0,0,0,0,1,0,0,0,0,7,8,0,2,6,0,0,0,4,0,243
Carney Chukwuemeka,CHE,M,0.22,10.0,7.19,6.0,4.32,0.4,-5.0,200,2,2,1,1,0,1,1,2,2,0,0,0,0,1,0,0,0,0,0,2,0,125
Jack Robinson,SHU,D,0.89,10.0,1.18,7.0,0.83,0.3,-52.0,200,8,9,0,3,1,0,9,0,2,0,0,8,36,2,10,11,0,0,0,24,0,763
Hamed Traore,BOU,M,0.00,10.0,21.74,10.5,22.83,-0.05,-0.5,200,0,3,0,1,0,2,0,1,0,0,0,0,0,4,0,1,0,0,0,1,0,41
Neco Williams,NOT,D,0.11,9.75,8.12,12.25,10.21,-0.26,-6.5,200,1,3,0,1,0,0,3,5,0,0,1,6,1,1,1,2,0,0,0,2,0,108
James Milner,BHA,M,0.44,9.5,3.17,13.0,4.33,-0.37,-4.5,200,4,6,0,1,0,0,6,1,2,0,0,4,8,0,0,2,0,0,0,6,1,270
Keane Lewis-Potter,BRF,F,0.22,9.5,3.99,11.5,4.83,-0.21,-2.0,200,2,6,0,1,0,1,0,4,0,0,1,1,2,5,0,1,0,0,0,5,0,214
Lesley Ugochukwu,CHE,F,0.11,9.5,6.64,10.0,6.99,-0.05,-0.5,200,1,5,0,1,0,0,3,1,0,0,0,0,2,3,1,2,0,0,0,1,1,129
Amari'i Bell,LUT,D,0.78,9.5,1.53,10.0,1.61,-0.05,-24.5,200,7,7,0,1,0,1,13,1,0,0,0,5,16,3,2,3,0,0,0,12,0,560
Boubacar Traore,WOL,M,0.11,8.5,4.34,12.0,6.12,-0.41,-3.5,200,1,6,0,1,0,0,7,3,1,0,0,1,3,0,1,2,0,0,0,5,0,176
Ola Aina,NOT,D,0.56,8.25,1.87,9.75,2.21,-0.18,-25.5,200,5,6,0,1,0,0,9,3,3,0,0,3,11,5,1,5,0,0,0,9,1,398
George Baldock,SHU,D,0.33,8.25,2.97,13.75,4.95,-0.67,-13.5,200,3,3,0,2,0,0,3,7,1,0,1,2,7,5,2,3,0,0,0,4,0,250
John Egan,SHU,D,0.67,8.25,1.54,12.75,2.38,-0.55,-38.5,200,6,6,0,0,0,1,4,1,2,0,0,13,39,0,4,14,0,0,0,17,0,482
Cheikhou Kouyate,NOT,M,0.00,8.0,10.96,10.5,14.38,-0.31,-2.5,200,0,7,0,1,0,0,2,1,1,0,0,1,8,1,1,7,0,0,0,3,0,66
Takehiro Tomiyasu,ARS,D,0.11,8.0,3.49,9.5,4.15,-0.19,-11.5,200,1,7,0,0,0,1,0,1,0,1,0,2,6,2,0,6,0,0,0,2,1,206
Max Lowe,SHU,D,0.22,8.0,5.8,8.0,5.8,0.0,-4.0,200,2,2,0,1,0,0,5,0,0,0,0,1,4,0,2,1,0,0,0,2,0,124
Auston Trusty,SHU,D,0.22,8.0,3.74,10.5,4.91,-0.31,-16.5,200,2,4,0,1,0,0,5,1,1,0,0,4,18,0,2,7,0,0,0,7,0,193
Nathaniel Clyne,CRY,D,0.11,7.75,7.75,1.75,1.75,0.77,0.0,200,1,1,0,0,0,0,1,0,0,0,0,0,3,0,0,0,0,0,0,0,1,90
Marcos Senesi,BOU,D,0.56,7.75,1.59,3.25,0.67,0.58,-30.5,200,5,8,0,2,1,0,6,1,1,0,0,3,25,4,5,3,0,0,0,14,0,438
Jarell Quansah,LIV,D,0.11,7.5,6.05,7.5,6.05,0.0,-2.0,200,1,3,0,0,0,0,3,0,0,0,0,2,6,1,0,2,0,0,0,1,0,112
Max Aarons,BOU,D,0.89,7.5,0.95,6.5,0.83,0.13,-39.0,200,8,9,0,4,0,0,11,6,1,0,3,3,10,6,5,2,0,0,0,17,1,707
Diego Carlos,AVL,D,0.33,7.25,2.63,7.25,2.63,0.0,-10.0,200,3,5,0,0,0,1,4,0,0,0,0,3,9,1,1,4,0,0,0,5,0,248
Reece James,CHE,D,0.11,7.25,8.15,8.25,9.27,-0.14,-5.0,40,1,2,0,2,0,0,0,2,0,0,3,0,1,1,0,4,0,0,0,2,0,80
Jack Hinshelwood,BHA,M,0.11,7.0,7.45,7.0,7.45,0.0,0.0,200,1,1,0,2,0,0,0,0,0,0,0,3,0,0,0,0,0,0,0,5,0,85
Andros Townsend,LUT,M,0.00,7.0,36.84,1.0,5.26,0.86,0.0,200,0,1,0,0,1,0,1,0,0,0,0,0,1,0,0,0,0,0,0,1,0,17
Hugo Bueno,WOL,D,0.11,6.75,4.5,6.75,4.5,0.0,-12.0,200,1,6,0,2,0,0,1,2,0,0,3,1,3,1,1,1,0,0,1,3,1,135
Anel Ahmedhodzic,SHU,D,0.89,6.75,0.84,15.75,1.97,-1.33,-53.0,200,8,8,0,0,0,1,12,6,3,0,0,11,27,4,11,13,0,0,0,22,0,720
Benson Manuel,BUR,F,0.11,6.5,9.29,7.0,10.0,-0.08,-0.5,200,1,3,0,0,0,1,2,1,0,0,0,0,0,3,0,0,0,0,0,3,0,63
Adam Lallana,BHA,M,0.11,6.5,5.42,8.0,6.67,-0.23,-2.5,200,1,4,0,3,0,0,0,1,1,0,0,1,0,1,0,0,0,0,0,2,1,108
Jorginho,ARS,M,0.22,6.5,2.79,9.0,3.86,-0.38,-3.5,200,2,7,0,1,0,0,2,3,1,0,1,1,1,1,1,2,0,0,0,4,1,210
Emile Smith Rowe,ARS,M,0.00,6.0,18.18,6.5,19.7,-0.08,-0.5,200,0,3,0,0,0,2,0,1,0,0,0,0,0,2,0,1,0,0,0,0,0,30
Dara O'Shea,BUR,D,0.44,6.0,1.33,6.0,1.33,0.0,-34.0,200,4,5,0,1,0,0,2,0,0,0,0,10,20,0,10,11,0,0,0,17,0,405
Matheus Franca,CRY,F,0.00,6.0,28.57,6.0,28.57,0.0,0.0,133,0,1,0,3,0,0,0,0,0,0,0,0,0,0,0,0,0,0,0,0,0,19
Aleksandar Mitrovic,FUL,F,0.00,6.0,17.65,6.0,17.65,0.0,0.0,200,0,1,0,0,0,1,0,0,0,0,0,0,0,3,0,2,0,0,0,0,0,31
Philippe Coutinho,AVL,M,0.00,6.0,25.0,6.0,25.0,0.0,0.0,200,0,2,0,0,0,1,0,0,0,0,0,0,0,4,0,0,0,0,0,1,0,22
Kieffer Moore,BOU,F,0.00,5.5,6.32,6.0,6.9,-0.09,-0.5,200,0,5,0,1,0,1,0,1,0,0,0,0,0,0,0,4,0,0,0,1,0,78
Nathan Redmond,BUR,M,0.00,5.5,7.75,6.0,8.45,-0.09,-0.5,200,0,4,0,1,0,0,1,1,0,0,1,0,1,2,0,0,0,0,0,3,0,64
Reiss Nelson,ARS,F,0.00,5.5,14.86,6.0,16.22,-0.09,-0.5,200,0,3,0,2,0,0,1,1,0,0,1,0,1,0,0,0,0,0,0,0,0,33
Facundo Pellistri,MUN,M,0.11,5.5,6.18,6.5,7.3,-0.18,-1.0,200,1,4,0,0,0,0,2,2,0,0,0,1,3,3,0,1,0,0,0,1,0,80
Pierre-Emile Hojbjerg,TOT,M,0.11,5.5,2.35,10.5,4.49,-0.91,-6.0,200,1,8,0,0,0,1,1,0,3,0,0,3,2,2,2,1,0,0,0,1,1,211
Michael Keane,EVE,D,0.22,5.25,2.09,7.75,3.09,-0.48,-16.5,200,2,4,0,0,0,2,2,1,1,0,0,4,7,0,2,8,0,0,0,7,0,226
Gonzalo Montiel,NOT,D,0.11,5.25,2.88,9.25,5.08,-0.76,-6.0,200,1,4,0,2,0,0,2,0,2,0,0,2,5,0,0,2,0,0,0,1,0,164
Sergio Reguilon,MUN,D,0.22,5.25,2.92,1.75,0.97,0.67,-8.5,200,2,2,0,2,0,0,0,1,1,0,0,1,3,2,0,0,0,0,0,3,1,162
Jadon Sancho,MUN,M,0.00,5.0,6.17,6.0,7.41,-0.2,-1.0,200,0,3,0,1,0,0,0,2,0,0,0,1,0,3,0,0,0,0,0,1,0,73
Jairo Riedewald,CRY,M,0.11,5.0,5.32,4.5,4.79,0.1,-0.5,200,1,2,0,0,0,0,1,1,0,0,0,2,0,1,0,1,0,0,0,0,1,85
Angelo Ogbonna,WHU,D,0.11,4.75,3.89,4.75,3.89,0.0,-2.0,200,1,2,0,0,0,0,0,0,0,0,0,1,7,0,3,1,0,0,0,1,0,110
Rhian Brewster,SHU,F,0.00,4.5,7.14,4.5,7.14,0.0,0.0,200,0,3,0,1,0,1,0,0,0,0,0,0,1,0,0,1,0,0,0,2,0,57
Toti,WOL,D,0.33,4.25,1.19,4.25,1.19,0.0,-8.0,200,3,6,0,0,0,0,4,0,0,0,0,2,5,0,3,2,0,0,0,4,0,321
Ian Maatsen,CHE,D,0.00,4.25,4.83,8.25,9.38,-0.94,-4.0,200,0,6,0,2,0,0,1,4,1,0,1,0,1,0,0,2,0,0,0,0,0,79
Zanka,BRF,D,0.00,4.0,66.67,4.0,66.67,0.0,0.0,200,0,1,0,1,0,0,0,0,0,0,1,0,0,0,1,0,0,0,0,0,0,5
Tommy Doyle,WOL,M,0.00,4.0,6.25,5.0,7.81,-0.25,-1.0,200,0,3,0,1,0,0,1,2,0,0,1,1,1,0,0,0,0,0,0,2,0,58
Kevin De Bruyne,MCI,M,0.11,4.0,16.67,4.0,16.67,0.0,0.0,43,1,1,0,1,0,0,0,0,0,0,2,0,0,0,0,0,0,0,0,0,0,22
Kalvin Phillips,MCI,M,0.00,4.0,5.41,5.0,6.76,-0.25,-1.0,200,0,3,0,0,0,0,2,2,0,0,1,1,2,1,0,0,0,0,0,1,0,67
Charlie Taylor,BUR,D,0.67,4.0,0.67,8.5,1.42,-1.12,-28.5,200,6,6,0,1,0,0,4,1,2,0,1,4,18,2,4,11,0,0,0,12,0,540
Naouirou Ahamada,CRY,M,0.00,4.0,10.53,4.0,10.53,0.0,0.0,200,0,3,0,0,0,0,2,0,0,0,0,1,0,1,0,0,0,0,0,2,0,34
Ben Mee,BRF,D,0.22,4.0,2.38,6.0,3.57,-0.5,-8.0,123,2,2,0,1,0,0,5,4,0,0,0,1,4,0,1,2,0,0,0,3,0,151
Jaidon Anthony,BOU,F,0.22,3.5,2.1,6.5,3.89,-0.86,-3.0,200,2,3,0,0,0,1,1,2,1,0,0,1,2,2,0,1,0,0,0,5,0,150
Tom Davies,SHU,M,0.00,3.5,5.83,7.0,11.67,-1.0,-3.5,200,0,3,0,1,0,0,2,3,1,0,0,2,2,1,0,0,0,0,0,5,0,54
Albert Sambi Lokonga,LUT,M,0.22,3.5,2.45,4.0,2.8,-0.14,-0.5,200,2,2,0,1,0,1,0,1,0,0,0,0,0,0,0,0,0,0,0,2,0,129
Aymeric Laporte,MCI,D,0.00,3.25,29.55,3.25,29.55,0.0,0.0,200,0,1,0,0,0,1,0,0,0,0,0,0,1,0,1,0,0,0,0,0,0,10
Luke Harris,FUL,M,0.00,3.0,3.7,3.0,3.7,0.0,0.0,200,0,1,0,0,0,1,1,0,0,0,0,0,0,0,0,0,0,0,0,5,0,73
Chris Richards,CRY,D,0.11,3.0,2.56,3.0,2.56,0.0,-6.0,200,1,3,0,0,0,0,0,0,0,0,0,2,8,0,2,3,0,0,0,3,0,105
Giovani Lo Celso,TOT,M,0.00,3.0,12.5,3.0,12.5,0.0,0.0,200,0,2,0,1,0,0,0,0,0,0,0,0,0,0,1,0,0,0,0,0,0,22
Mikkel Damsgaard,BRF,M,0.00,3.0,5.36,3.0,5.36,0.0,0.0,200,0,2,0,0,0,1,0,0,0,0,0,0,1,0,1,0,0,0,0,0,0,50
Jay Rodriguez,BUR,F,0.00,3.0,4.23,3.0,4.23,0.0,0.0,200,0,4,0,0,0,0,1,0,0,0,0,0,0,1,1,0,0,0,0,2,0,64
Facundo Buonanotte,BHA,M,0.11,2.5,5.0,4.0,8.0,-0.6,-1.5,200,1,1,0,0,0,1,0,3,0,0,0,2,0,0,0,0,0,0,0,1,0,45
Noni Madueke,CHE,F,0.00,2.5,4.81,3.0,5.77,-0.2,-0.5,200,0,4,0,0,0,1,0,1,0,0,1,0,0,0,0,0,0,0,0,2,0,47
Ben Osborn,SHU,M,0.33,2.5,1.11,6.0,2.65,-1.4,-3.5,200,3,4,0,1,0,0,1,3,1,0,2,0,6,0,0,2,0,0,0,3,0,203
Michael Olakigbe,BRF,F,0.00,2.5,22.73,2.5,22.73,0.0,0.0,200,0,4,0,0,0,1,0,0,0,0,0,0,0,0,0,1,0,0,0,0,0,10
Adama Traore,FUL,F,0.00,2.5,7.81,3.0,9.38,-0.2,-0.5,200,0,3,0,0,0,1,0,1,0,0,0,0,1,0,0,2,0,0,0,3,0,29
Jakub Kiwior,ARS,D,0.11,2.5,2.48,2.5,2.48,0.0,-4.0,200,1,2,0,0,0,1,2,0,0,0,0,0,2,0,1,1,0,0,0,2,0,91
Wataru Endo,LIV,M,0.11,2.5,2.21,3.5,3.1,-0.4,-1.0,200,1,5,0,0,0,0,2,2,0,0,0,1,3,0,0,1,0,0,0,2,0,102
Lisandro Martinez,MUN,D,0.56,2.5,0.6,5.5,1.32,-1.2,-26.0,200,5,5,0,3,1,0,6,2,2,0,0,2,10,2,2,1,0,0,1,8,0,375
Tosin Adarabioyo,FUL,D,0.00,2.0,200.0,2.0,200.0,0.0,0.0,200,0,1,0,0,0,0,0,0,0,0,0,0,4,0,1,0,0,0,0,0,0,1
Ehor Yarmolyuk,BRF,M,0.00,2.0,14.29,2.0,14.29,0.0,0.0,200,0,1,0,0,0,0,1,0,0,0,0,1,1,0,0,0,0,0,0,0,0,13
Donny van de Beek,MUN,M,0.00,2.0,200.0,2.0,200.0,0.0,0.0,200,0,1,0,1,0,0,0,0,0,0,0,0,0,0,0,0,0,0,0,0,0,1
Chris Mepham,BOU,D,0.00,1.5,4.41,3.5,10.29,-1.33,-4.0,200,0,2,0,1,0,0,0,0,1,0,0,1,2,0,2,0,0,0,0,1,0,31
Danny Ings,WHU,F,0.00,1.5,4.41,2.0,5.88,-0.33,-0.5,200,0,6,0,0,0,0,0,1,0,0,0,0,2,1,1,0,0,0,0,3,0,31
Valentino Livramento,NEW,D,0.00,1.5,3.12,2.5,5.21,-0.67,-1.0,200,0,4,0,0,0,0,1,2,0,0,0,1,2,0,0,0,0,0,0,0,0,43
Andre Brooks,SHU,M,0.00,1.5,7.89,1.5,7.89,0.0,0.0,200,0,2,0,0,0,0,0,0,0,0,0,1,0,0,0,1,0,0,0,1,0,17
Jonny,WOL,D,0.00,1.0,33.33,1.0,33.33,0.0,0.0,200,0,1,0,0,0,0,0,0,0,0,0,0,0,0,1,0,0,0,0,0,0,3
Curtis Jones,LIV,M,0.44,1.0,0.32,12.5,4.06,-11.5,-12.5,200,4,5,0,0,0,1,4,7,1,1,0,2,3,4,0,1,0,0,0,2,1,277
Oliver Skipp,TOT,M,0.11,1.0,0.65,3.5,2.27,-2.5,-2.5,200,1,6,0,0,0,0,3,1,1,0,0,0,0,0,0,1,0,0,0,3,0,139
Adam Webster,BHA,D,0.44,1.0,0.25,3.0,0.75,-2.0,-24.0,200,4,4,0,0,0,0,7,0,1,0,0,3,16,0,3,8,0,0,0,11,0,360
Rodrigo Muniz,FUL,F,0.00,1.0,4.17,3.5,14.58,-2.5,-2.5,200,0,3,0,1,0,0,0,5,0,0,0,1,1,0,0,1,0,0,0,2,0,22
Leander Dendoncker,AVL,M,0.00,1.0,50.0,1.0,50.0,0.0,0.0,200,0,2,0,0,0,0,0,0,0,0,0,0,0,0,1,0,0,0,0,0,0,2
David Ozoh,CRY,M,0.00,0.5,25.0,0.5,25.0,0.0,0.0,200,0,1,0,0,0,0,0,0,0,0,0,0,0,0,0,1,0,0,0,0,0,2
Davinson Sanchez,TOT,D,0.00,0.5,0.6,2.5,3.01,-4.0,-6.0,200,0,1,0,0,0,0,0,0,1,0,0,1,2,0,2,3,0,0,0,2,0,75
James Hill,BOU,D,0.00,0.5,3.12,1.0,6.25,-1.0,-0.5,200,0,1,0,0,0,0,0,1,0,0,0,0,0,0,0,1,0,0,0,0,0,14
Tyrone Mings,AVL,D,0.11,0.25,0.76,0.25,0.76,0.0,-4.0,200,1,1,0,1,0,0,0,0,0,0,0,1,1,0,0,1,0,0,0,2,0,30
Jurrien Timber,ARS,D,0.11,0.25,0.46,2.25,4.17,-8.0,-2.0,200,1,1,0,0,0,0,1,0,1,0,0,0,1,0,0,1,0,0,0,0,0,49
Bertrand Traore,AVL,M,0.00,0.0,0.0,0.0,0.0,,0.0,200,0,1,0,0,0,0,0,0,0,0,0,0,0,0,0,0,0,0,0,0,0,8
James Tomkins,CRY,D,0.00,0.0,0.0,0.0,0.0,,0.0,200,0,1,0,0,0,0,0,0,0,0,0,0,0,0,0,0,0,0,0,0,0,1
Ben Godfrey,EVE,D,0.00,0.0,0.0,0.0,0.0,,0.0,200,0,1,0,0,0,0,0,0,0,0,0,0,0,0,0,0,0,0,0,0,0,1
Ben Doak,LIV,F,0.00,0.0,0.0,0.0,0.0,,0.0,200,0,1,0,0,0,0,0,0,0,0,0,0,0,0,0,0,0,0,0,0,0,12
Antwoine Hackford,SHU,F,0.00,0.0,0.0,0.0,0.0,,0.0,200,0,2,0,0,0,0,0,0,0,0,0,0,0,0,0,0,0,0,0,1,0,9
Yasser Larouci,SHU,D,0.11,0.0,0.0,0.5,0.21,-inf,-14.5,200,1,5,0,0,0,1,1,1,0,0,0,5,10,3,1,0,0,0,0,7,0,216
Jack Cork,BUR,M,0.00,0.0,0.0,0.0,0.0,,0.0,200,0,1,0,0,0,0,0,0,0,0,0,0,0,0,0,0,0,0,0,0,0,15
Jaden Philogene-Bidace,AVL,M,0.00,0.0,0.0,0.0,0.0,,0.0,200,0,1,0,0,0,0,0,0,0,0,0,0,0,0,0,0,0,0,0,1,0,2
Shandon Baptiste,BRF,M,0.00,0.0,0.0,0.0,0.0,,0.0,200,0,1,0,0,0,0,0,0,0,0,0,0,1,0,0,0,0,0,0,0,0,17
Tyler Onyango,EVE,M,0.00,0.0,0.0,0.0,0.0,,0.0,200,0,1,0,0,0,0,0,0,0,0,0,0,0,0,0,0,0,0,0,0,0,1
Jean-Ricner Bellegarde,WOL,M,0.22,0.0,0.0,7.5,5.91,-inf,-7.5,148,2,2,0,1,0,0,2,1,0,1,0,0,1,2,1,1,0,0,0,1,0,114
Konstantinos Mavropanos,WHU,D,0.00,0.0,0.0,0.0,0.0,,0.0,200,0,1,0,0,0,0,0,0,0,0,0,0,0,0,0,0,0,0,0,0,0,1
Maxwel Cornet,WHU,M,0.00,0.0,0.0,0.0,0.0,,0.0,200,0,1,0,0,0,0,0,0,0,0,0,0,0,0,0,0,0,0,0,0,0,1
Luke Berry,LUT,M,0.00,0.0,0.0,0.0,0.0,,0.0,200,0,2,0,0,0,0,0,0,0,0,0,0,0,0,0,0,0,0,0,1,0,24
Thomas Cannon,EVE,F,0.00,0.0,0.0,0.0,0.0,,0.0,200,0,1,0,0,0,0,0,0,0,0,0,0,0,0,0,0,0,0,0,0,0,1
Mason Burstow,CHE,F,0.00,0.0,0.0,0.0,0.0,,0.0,200,0,2,0,0,0,0,0,0,0,0,0,0,0,0,0,0,0,0,0,1,0,7
Josh Dasilva,BRF,M,0.00,0.0,0.0,0.0,0.0,,0.0,200,0,1,0,0,0,0,0,0,0,0,0,0,0,0,0,0,0,0,0,0,0,9
Divock Origi,NOT,F,0.00,-0.5,-0.83,3.0,5.0,7.0,-3.5,200,0,4,0,1,0,0,0,3,1,0,1,0,0,0,0,0,0,0,0,0,0,54
Alex Matos,CHE,F,0.00,-0.5,-50.0,0.0,0.0,1.0,-0.5,200,0,1,0,0,0,0,0,1,0,0,0,0,0,0,0,0,0,0,0,0,0,1
Alex Scott,BOU,M,0.11,-0.5,-0.81,1.5,2.42,4.0,-2.0,200,1,1,0,0,0,0,1,0,1,0,0,0,0,0,0,1,0,0,0,1,0,56
Igor Julio dos Santos de Paulo,BHA,D,0.22,-0.75,-0.44,1.25,0.74,2.67,-10.0,200,2,2,0,2,0,0,0,0,1,0,0,2,5,0,1,1,0,0,0,4,0,152
Thilo Kehrer,WHU,D,0.00,-1.0,-5.88,1.0,5.88,2.0,-4.0,200,0,3,0,0,0,0,0,0,1,0,0,0,0,0,2,1,0,0,0,1,0,15
Lewis Hall,NEW,D,0.00,-1.0,-11.11,0.0,0.0,1.0,-1.0,200,0,1,0,0,0,0,0,2,0,0,0,0,0,0,0,0,0,0,0,0,0,8
Youssef Ramalho Chermiti,EVE,F,0.00,-1.0,-3.45,1.5,5.17,2.5,-2.5,200,0,4,0,0,0,0,0,1,1,0,0,0,0,0,0,3,0,0,0,2,0,26
Hannes Delcroix,BUR,D,0.22,-1.0,-0.38,1.5,0.57,2.5,-24.5,200,2,6,0,2,0,2,2,1,1,0,0,6,6,0,1,5,0,0,0,11,0,237
Anis Ben Slimane,SHU,M,0.00,-1.5,-3.19,3.0,6.38,3.0,-4.5,200,0,3,0,0,0,1,0,1,2,0,0,1,0,0,0,0,0,0,0,3,0,42
William Osula,SHU,F,0.33,-1.5,-0.58,4.5,1.74,4.0,-6.0,200,3,3,0,0,0,0,0,4,2,0,1,0,1,0,1,5,0,0,0,3,0,233
John Stones,MCI,D,0.11,-2.0,-1.89,-2.0,-1.89,-0.0,-4.0,200,1,2,0,0,0,0,1,0,0,0,0,0,0,0,0,1,0,0,0,2,0,95
Moussa Niakhate,NOT,D,0.22,-2.25,-1.14,4.75,2.4,3.11,-13.0,200,2,4,0,0,0,0,4,0,0,1,0,1,3,0,1,4,0,0,0,3,0,178
Alejo Veliz,TOT,F,0.00,-2.5,-25.0,0.0,0.0,1.0,-2.5,200,0,3,0,0,0,0,0,1,1,0,0,0,0,0,0,0,0,0,0,0,0,9
Anass Zaroury,BUR,F,0.00,-3.0,-5.0,4.0,6.67,2.33,-7.0,200,0,3,0,2,0,0,0,0,0,1,0,0,0,0,0,0,0,0,0,1,0,54
Adam Smith,BOU,D,0.11,-3.0,-2.97,-2.5,-2.48,0.17,-8.5,200,1,2,0,1,0,0,0,1,0,0,2,0,2,0,1,0,0,0,0,4,0,91
Nuno Tavares,NOT,D,0.11,-3.25,-3.22,0.75,0.74,1.23,-8.0,200,1,3,0,0,0,0,2,0,2,0,1,0,3,1,0,0,0,0,0,2,0,91
Vitinho,BUR,D,0.22,-3.75,-2.23,-3.25,-1.93,0.13,-10.5,200,2,3,0,1,0,0,0,1,0,0,0,2,3,1,1,0,0,0,0,5,0,151
Luke Thomas,SHU,D,0.56,-4.0,-0.81,-0.5,-0.1,0.88,-33.5,200,5,6,0,1,0,1,3,3,1,0,3,4,14,5,3,4,0,0,0,15,0,446
Aaron Hickey,BRF,D,0.89,-5.25,-0.75,1.25,0.18,1.24,-36.5,200,8,8,0,1,0,1,9,5,5,0,0,2,9,5,1,2,0,0,0,12,1,630
Matt Targett,NEW,D,0.11,-7.5,-8.93,-5.5,-6.55,0.27,-10.0,200,1,3,0,1,0,0,0,0,1,0,0,0,2,0,0,0,0,0,0,4,0,76
Calvin Bassey,FUL,D,0.22,-7.5,-3.16,0.5,0.21,1.07,-18.0,200,2,5,0,0,0,0,2,2,0,1,0,2,10,2,1,1,0,0,0,5,0,213
Connor Roberts,BUR,D,0.89,-8.5,-1.05,-4.0,-0.49,0.53,-51.5,200,8,9,0,6,1,0,4,1,2,1,2,4,20,0,5,4,0,0,0,20,0,732
Ameen Al Dakhil,BUR,D,1.00,-9.75,-1.15,-1.75,-0.21,0.82,-48.0,200,9,9,0,1,0,1,3,6,0,0,1,7,25,2,4,11,0,0,1,20,0,765
