Player,RkOv_gw1,RkOv_gw2,RkOv_gw3,RkOv_gw4,RkOv_gw5,RkOv_gw6,RkOv_gw7,RkOv_gw8,RkOv_gw9,RkOv_gw10,RkOv_gw11,RkOv_gw12,RkOv_gw13
Douglas Luiz,48.0,50.0,48.0,48.0,48.0,48.0,50.0,50.0,23.0,29.0,22.0,26.0,20
Chris Wood,235.0,245.0,235.0,235.0,235.0,235.0,245.0,245.0,121.0,125.0,150.0,156.0,155
Bryan Mbeumo,22.0,23.0,22.0,22.0,22.0,22.0,23.0,23.0,12.0,8.0,7.0,7.0,8
Jacob Murphy,272.0,277.0,272.0,272.0,272.0,272.0,277.0,277.0,147.0,157.0,183.0,197.0,207
Son Heung-Min,10.0,11.0,10.0,10.0,10.0,10.0,11.0,11.0,7.0,6.0,8.0,11.0,10
Mohamed Salah,8.0,6.0,8.0,8.0,8.0,8.0,6.0,6.0,2.0,3.0,2.0,2.0,2
James Maddison,4.0,2.0,4.0,4.0,4.0,4.0,2.0,2.0,1.0,1.0,3.0,5.0,6
Anthony Elanga,103.0,123.0,103.0,103.0,103.0,103.0,123.0,123.0,67.0,73.0,81.0,70.0,59
Matheus Cunha,64.0,79.0,64.0,64.0,64.0,64.0,79.0,79.0,42.0,33.0,38.0,35.0,43
Ollie Watkins,3.0,4.0,3.0,3.0,3.0,3.0,4.0,4.0,3.0,5.0,5.0,4.0,4
Yoane Wissa,37.0,35.0,37.0,37.0,37.0,37.0,35.0,34.0,24.0,21.0,30.0,37.0,40
Virgil van Dijk,84.0,100.0,84.0,84.0,84.0,84.0,100.0,97.0,61.0,69.0,39.0,32.0,36
Bruno Fernandes,14.0,10.0,14.0,14.0,14.0,14.0,10.0,10.0,10.0,11.0,9.0,8.0,5
Jarrod Bowen,11.0,12.0,11.0,11.0,11.0,11.0,12.0,12.0,11.0,13.0,12.0,9.0,11
Philip Billing,107.0,109.0,107.0,107.0,107.0,107.0,109.0,108.0,73.0,48.0,69.0,82.0,84
Oliver McBurnie,190.0,190.0,190.0,190.0,190.0,190.0,190.0,187.0,125.0,137.0,158.0,175.0,134
James Mcatee,295.0,294.0,295.0,295.0,295.0,295.0,294.0,293.0,215.0,209.0,182.0,176.0,194
Bukayo Saka,1.0,3.0,1.0,1.0,1.0,1.0,3.0,3.0,5.0,2.0,6.0,3.0,3
Jeremy Doku,80.0,87.0,80.0,80.0,80.0,80.0,87.0,99.0,58.0,64.0,19.0,22.0,14
Mykhailo Mudryk,214.0,182.0,214.0,214.0,214.0,214.0,182.0,180.0,122.0,132.0,143.0,150.0,167
Chiedozie Ogbene,242.0,206.0,242.0,242.0,242.0,242.0,206.0,207.0,135.0,146.0,132.0,120.0,100
Conor Gallagher,108.0,65.0,108.0,108.0,108.0,108.0,65.0,65.0,44.0,41.0,29.0,20.0,25
Diogo Dalot,196.0,135.0,196.0,196.0,196.0,196.0,135.0,135.0,96.0,104.0,94.0,84.0,50
Kieran Trippier,5.0,1.0,5.0,5.0,5.0,5.0,1.0,1.0,4.0,4.0,4.0,6.0,7
Morgan Gibbs-White,46.0,37.0,46.0,46.0,46.0,46.0,37.0,37.0,30.0,35.0,37.0,38.0,18
Pedro Neto,7.0,8.0,7.0,7.0,7.0,7.0,8.0,8.0,8.0,7.0,11.0,13.0,15
Hwang Hee-Chan,72.0,47.0,72.0,72.0,72.0,72.0,47.0,49.0,36.0,23.0,24.0,29.0,33
Jamaal Lascelles,267.0,272.0,267.0,267.0,267.0,267.0,272.0,268.0,209.0,220.0,192.0,183.0,159
Craig Dawson,183.0,196.0,183.0,183.0,183.0,183.0,196.0,191.0,145.0,143.0,161.0,180.0,196
Matt Doherty,372.0,381.0,372.0,372.0,372.0,372.0,381.0,380.0,271.0,278.0,293.0,312.0,323
Julian Alvarez,6.0,9.0,6.0,6.0,6.0,6.0,9.0,9.0,9.0,10.0,10.0,10.0,9
Declan Rice,67.0,63.0,67.0,67.0,67.0,67.0,63.0,64.0,48.0,43.0,49.0,58.0,61
Fabian Schar,127.0,140.0,127.0,127.0,127.0,127.0,140.0,138.0,110.0,78.0,83.0,93.0,89
Ezri Konsa,192.0,195.0,192.0,192.0,192.0,192.0,195.0,195.0,153.0,164.0,178.0,202.0,210
Kristoffer Ajer,238.0,242.0,238.0,238.0,238.0,238.0,242.0,242.0,186.0,126.0,156.0,171.0,179
Cole Palmer,284.0,132.0,284.0,284.0,284.0,284.0,132.0,133.0,109.0,87.0,56.0,47.0,48
Scott McTominay,262.0,166.0,262.0,262.0,262.0,262.0,166.0,162.0,126.0,138.0,113.0,115.0,123
Elijah Adebayo,263.0,194.0,263.0,263.0,263.0,263.0,194.0,194.0,155.0,166.0,190.0,201.0,209
Erling Haaland,2.0,5.0,2.0,2.0,2.0,2.0,5.0,5.0,6.0,9.0,1.0,1.0,1
Pedro Porro,50.0,42.0,50.0,50.0,50.0,50.0,42.0,42.0,35.0,40.0,44.0,40.0,32
Anthony Gordon,16.0,25.0,16.0,16.0,16.0,16.0,25.0,25.0,20.0,22.0,26.0,28.0,21
Willy Boly,42.0,30.0,42.0,42.0,42.0,42.0,30.0,29.0,29.0,34.0,34.0,42.0,53
Ansu Fati,246.0,267.0,246.0,246.0,246.0,246.0,267.0,269.0,222.0,224.0,233.0,223.0,222
Leon Bailey,117.0,127.0,117.0,117.0,117.0,117.0,127.0,126.0,104.0,109.0,93.0,80.0,81
Nathan Collins,116.0,117.0,116.0,116.0,116.0,116.0,117.0,116.0,97.0,66.0,61.0,69.0,79
Ethan Pinnock,58.0,53.0,58.0,58.0,58.0,58.0,53.0,53.0,43.0,18.0,27.0,27.0,27
Cristian Romero,45.0,29.0,45.0,45.0,45.0,45.0,29.0,28.0,28.0,28.0,43.0,59.0,68
Luis Diaz,86.0,90.0,86.0,86.0,86.0,86.0,90.0,88.0,74.0,80.0,79.0,94.0,99
Callum Wilson,61.0,82.0,61.0,61.0,61.0,61.0,82.0,82.0,69.0,38.0,46.0,60.0,74
Boubacar Kamara,109.0,119.0,109.0,109.0,109.0,109.0,119.0,118.0,102.0,107.0,110.0,119.0,128
Tom Lockyer,210.0,183.0,210.0,210.0,210.0,210.0,183.0,181.0,154.0,165.0,172.0,165.0,157
Neal Maupay,283.0,304.0,283.0,283.0,283.0,283.0,304.0,303.0,252.0,212.0,173.0,188.0,189
Sasa Kalajdzic,255.0,268.0,255.0,255.0,255.0,255.0,268.0,259.0,230.0,227.0,237.0,249.0,256
Darwin Nunez,70.0,60.0,70.0,70.0,70.0,70.0,60.0,60.0,51.0,59.0,31.0,25.0,31
Alexis Mac Allister,188.0,175.0,188.0,188.0,188.0,188.0,175.0,175.0,146.0,156.0,154.0,170.0,176
James Ward-Prowse,13.0,13.0,13.0,13.0,13.0,13.0,13.0,13.0,14.0,14.0,18.0,12.0,12
John McGinn,87.0,73.0,87.0,87.0,87.0,87.0,73.0,77.0,64.0,71.0,52.0,33.0,34
Trent Alexander-Arnold,112.0,131.0,112.0,112.0,112.0,112.0,131.0,131.0,117.0,120.0,87.0,73.0,58
Dan Burn,62.0,72.0,62.0,62.0,62.0,62.0,72.0,69.0,63.0,65.0,78.0,89.0,97
Dominic Solanke,36.0,51.0,36.0,36.0,36.0,36.0,51.0,51.0,46.0,46.0,66.0,31.0,35
Leandro Trossard,153.0,174.0,153.0,153.0,153.0,153.0,174.0,172.0,148.0,158.0,180.0,114.0,121
Sean Longstaff,82.0,111.0,82.0,82.0,82.0,82.0,111.0,110.0,93.0,96.0,116.0,124.0,139
Joao Palhinha,207.0,187.0,207.0,207.0,207.0,207.0,187.0,184.0,160.0,171.0,98.0,109.0,125
Edson Alvarez,240.0,244.0,240.0,240.0,240.0,240.0,244.0,244.0,211.0,217.0,232.0,245.0,235
Dominik Szoboszlai,26.0,24.0,26.0,26.0,26.0,26.0,24.0,24.0,22.0,27.0,15.0,17.0,22
Moussa Diaby,20.0,27.0,20.0,20.0,20.0,20.0,27.0,27.0,26.0,31.0,16.0,16.0,19
Cheick Doucoure,101.0,116.0,101.0,101.0,101.0,101.0,116.0,115.0,108.0,91.0,109.0,123.0,122
Ibrahima Konate,260.0,297.0,260.0,260.0,260.0,260.0,297.0,296.0,253.0,259.0,201.0,217.0,227
Christian Norgaard,56.0,64.0,56.0,56.0,56.0,56.0,64.0,63.0,57.0,58.0,70.0,72.0,73
Oliver Norwood,166.0,153.0,166.0,166.0,166.0,166.0,153.0,150.0,132.0,133.0,106.0,106.0,103
Konstantinos Tsimikas,388.0,394.0,388.0,388.0,388.0,388.0,394.0,394.0,314.0,321.0,259.0,147.0,160
Diogo Jota,91.0,112.0,91.0,91.0,91.0,91.0,112.0,111.0,103.0,108.0,73.0,56.0,67
Abdoulaye Doucoure,23.0,16.0,23.0,23.0,23.0,23.0,16.0,16.0,15.0,16.0,23.0,19.0,24
Youri Tielemans,365.0,378.0,365.0,365.0,365.0,365.0,378.0,377.0,309.0,315.0,321.0,295.0,261
Reece Burke,241.0,164.0,241.0,241.0,241.0,241.0,164.0,160.0,144.0,155.0,181.0,196.0,206
Saman Ghoddos,329.0,330.0,329.0,329.0,329.0,329.0,330.0,329.0,279.0,287.0,302.0,298.0,296
Max Kilman,159.0,162.0,159.0,159.0,159.0,159.0,162.0,165.0,140.0,135.0,135.0,148.0,169
Harry Maguire,717.0,302.0,717.0,717.0,717.0,717.0,302.0,301.0,260.0,266.0,211.0,169.0,135
Victor Lindelof,264.0,275.0,264.0,264.0,264.0,264.0,275.0,275.0,243.0,248.0,272.0,184.0,145
Kaoru Mitoma,15.0,17.0,15.0,15.0,15.0,15.0,17.0,17.0,17.0,17.0,17.0,23.0,29
Richarlison,93.0,96.0,93.0,93.0,93.0,93.0,96.0,93.0,89.0,85.0,107.0,117.0,136
Ryan Gravenberch,360.0,331.0,360.0,360.0,360.0,360.0,331.0,330.0,287.0,294.0,244.0,256.0,253
Micky van de Ven,160.0,99.0,160.0,160.0,160.0,160.0,99.0,96.0,90.0,95.0,117.0,132.0,148
Harry Toffolo,275.0,214.0,275.0,275.0,275.0,275.0,214.0,213.0,198.0,205.0,127.0,126.0,130
Phil Foden,17.0,18.0,17.0,17.0,17.0,17.0,18.0,19.0,18.0,19.0,14.0,14.0,13
Bruno Guimaraes,34.0,58.0,34.0,34.0,34.0,34.0,58.0,58.0,56.0,51.0,62.0,74.0,76
Enzo Fernandez,134.0,106.0,134.0,134.0,134.0,134.0,106.0,104.0,101.0,106.0,103.0,111.0,111
Levi Colwill,114.0,59.0,114.0,114.0,114.0,114.0,59.0,59.0,59.0,54.0,76.0,87.0,106
Dominic Calvert-Lewin,156.0,151.0,156.0,156.0,156.0,156.0,151.0,149.0,138.0,150.0,105.0,113.0,107
Alfie Doughty,92.0,44.0,92.0,92.0,92.0,92.0,44.0,44.0,40.0,49.0,50.0,51.0,54
Cameron Archer,219.0,219.0,219.0,219.0,219.0,219.0,219.0,218.0,200.0,207.0,170.0,163.0,171
Mathias Jensen,21.0,14.0,21.0,21.0,21.0,21.0,14.0,14.0,16.0,15.0,20.0,24.0,30
Jarrad Branthwaite,191.0,150.0,191.0,191.0,191.0,191.0,150.0,148.0,143.0,154.0,121.0,122.0,127
David Brooks,185.0,203.0,185.0,185.0,185.0,185.0,203.0,204.0,187.0,191.0,215.0,231.0,243
Carlos Baleba,376.0,329.0,376.0,376.0,376.0,376.0,329.0,328.0,292.0,300.0,292.0,311.0,320
Andros Townsend,754.0,687.0,751.0,738.0,737.0,758.0,687.0,739.0,340.0,347.0,296.0,269.0,282
Dwight McNeil,216.0,143.0,216.0,216.0,216.0,216.0,143.0,141.0,134.0,145.0,108.0,108.0,105
Jordan Ayew,63.0,78.0,63.0,63.0,63.0,63.0,78.0,78.0,78.0,52.0,53.0,62.0,69
Willian,204.0,101.0,204.0,204.0,204.0,204.0,101.0,98.0,94.0,102.0,102.0,104.0,110
Joel Matip,189.0,200.0,189.0,189.0,189.0,189.0,200.0,201.0,189.0,194.0,217.0,181.0,187
Frank Onyeka,227.0,234.0,227.0,227.0,227.0,227.0,234.0,234.0,221.0,231.0,195.0,203.0,186
Martin Odegaard,18.0,19.0,18.0,18.0,18.0,18.0,19.0,18.0,21.0,26.0,36.0,49.0,52
Gabriel Martinelli,120.0,89.0,120.0,120.0,120.0,120.0,89.0,132.0,88.0,63.0,54.0,46.0,51
Raheem Sterling,52.0,21.0,52.0,52.0,52.0,52.0,21.0,21.0,25.0,20.0,21.0,18.0,16
Serge Aurier,155.0,157.0,155.0,155.0,155.0,155.0,157.0,154.0,156.0,167.0,144.0,154.0,172
Vitalii Mykolenko,215.0,176.0,215.0,215.0,215.0,215.0,176.0,173.0,166.0,174.0,89.0,64.0,83
Beto,200.0,225.0,200.0,200.0,200.0,200.0,225.0,225.0,213.0,219.0,236.0,241.0,250
Matheus Franca,503.0,505.0,503.0,503.0,503.0,503.0,505.0,505.0,347.0,335.0,348.0,356.0,364
Will Hughes,222.0,240.0,222.0,222.0,222.0,222.0,240.0,240.0,229.0,193.0,207.0,216.0,224
Lucas Paqueta,40.0,52.0,40.0,40.0,40.0,40.0,52.0,52.0,55.0,62.0,74.0,52.0,46
Josko Gvardiol,141.0,141.0,141.0,141.0,141.0,141.0,141.0,130.0,136.0,148.0,125.0,143.0,163
Marcus Tavernier,162.0,144.0,162.0,162.0,162.0,162.0,144.0,142.0,142.0,114.0,140.0,121.0,63
Jefferson Lerma,126.0,147.0,126.0,126.0,126.0,126.0,147.0,145.0,152.0,152.0,176.0,112.0,108
Nicolas Dominguez,221.0,222.0,221.0,221.0,221.0,221.0,222.0,221.0,212.0,218.0,204.0,214.0,199
Zeki Amdouni,139.0,126.0,139.0,139.0,139.0,139.0,126.0,125.0,124.0,127.0,137.0,137.0,137
Orel Mangala,256.0,248.0,256.0,256.0,256.0,256.0,248.0,247.0,238.0,241.0,200.0,209.0,201
Antonee Robinson,211.0,154.0,211.0,211.0,211.0,211.0,154.0,151.0,157.0,168.0,151.0,135.0,131
Lyle Foster,144.0,81.0,144.0,144.0,144.0,144.0,81.0,81.0,84.0,92.0,112.0,127.0,143
Sofyan Amrabat,343.0,318.0,343.0,343.0,343.0,343.0,318.0,317.0,291.0,299.0,314.0,323.0,331
Vitaly Janelt,130.0,129.0,130.0,130.0,130.0,130.0,129.0,128.0,128.0,123.0,129.0,131.0,124
Luca Koleosho,136.0,113.0,136.0,136.0,136.0,136.0,113.0,112.0,119.0,113.0,119.0,128.0,114
Dejan Kulusevski,19.0,20.0,19.0,19.0,19.0,19.0,20.0,20.0,27.0,25.0,25.0,30.0,26
James Tarkowski,57.0,32.0,57.0,57.0,57.0,57.0,32.0,31.0,37.0,44.0,35.0,36.0,38
Michail Antonio,88.0,105.0,88.0,88.0,88.0,88.0,105.0,103.0,113.0,115.0,90.0,102.0,116
James Garner,75.0,56.0,75.0,75.0,75.0,75.0,56.0,56.0,60.0,68.0,65.0,75.0,70
Raul Jimenez,226.0,241.0,226.0,226.0,226.0,226.0,241.0,241.0,237.0,239.0,265.0,206.0,213
Timothy Castagne,180.0,188.0,180.0,180.0,180.0,180.0,188.0,185.0,192.0,197.0,206.0,215.0,221
Rasmus Hojlund,266.0,276.0,266.0,266.0,266.0,266.0,276.0,276.0,270.0,277.0,245.0,251.0,259
Andreas Pereira,132.0,107.0,132.0,132.0,132.0,132.0,107.0,105.0,115.0,117.0,92.0,86.0,91
Joelinton,184.0,215.0,184.0,184.0,184.0,184.0,215.0,214.0,217.0,169.0,122.0,130.0,109
Pape Sarr,65.0,48.0,65.0,65.0,65.0,65.0,48.0,47.0,54.0,55.0,57.0,68.0,78
Simon Adingra,111.0,70.0,111.0,111.0,111.0,111.0,70.0,71.0,76.0,82.0,84.0,66.0,71
Harry Wilson,198.0,221.0,198.0,198.0,198.0,198.0,221.0,220.0,218.0,221.0,187.0,189.0,202
Dango Ouattara,273.0,269.0,273.0,273.0,273.0,273.0,269.0,270.0,261.0,276.0,289.0,280.0,292
Mike Tresor,332.0,341.0,332.0,332.0,332.0,332.0,341.0,341.0,319.0,325.0,339.0,344.0,353
Jesurun Rak-Sakyi,356.0,310.0,356.0,356.0,356.0,356.0,310.0,309.0,294.0,295.0,311.0,321.0,330
Boubacar Traore,367.0,352.0,367.0,367.0,367.0,367.0,352.0,352.0,325.0,332.0,322.0,331.0,336
Tommy Doyle,486.0,488.0,486.0,486.0,486.0,486.0,488.0,488.0,367.0,356.0,375.0,362.0,376
Matty Cash,66.0,74.0,66.0,66.0,66.0,66.0,74.0,73.0,82.0,89.0,88.0,95.0,101
Bernardo Silva,129.0,145.0,129.0,129.0,129.0,129.0,145.0,143.0,158.0,170.0,58.0,50.0,45
Jack Grealish,201.0,231.0,201.0,201.0,201.0,201.0,231.0,231.0,232.0,232.0,212.0,227.0,237
Antony,163.0,192.0,163.0,163.0,163.0,163.0,192.0,189.0,199.0,206.0,219.0,224.0,234
Moises Caicedo,251.0,204.0,251.0,251.0,251.0,251.0,204.0,205.0,205.0,200.0,205.0,208.0,215
Pierre-Emile Hojbjerg,385.0,384.0,385.0,385.0,385.0,385.0,384.0,384.0,351.0,345.0,329.0,320.0,308
Emerson Royal,299.0,300.0,299.0,299.0,299.0,299.0,300.0,299.0,288.0,275.0,284.0,297.0,316
Jorginho,347.0,367.0,347.0,347.0,347.0,347.0,367.0,383.0,343.0,350.0,345.0,330.0,334
Jayden Bogle,234.0,228.0,234.0,234.0,234.0,234.0,228.0,228.0,228.0,261.0,271.0,240.0,260
Marcus Rashford,41.0,45.0,41.0,41.0,41.0,41.0,45.0,45.0,53.0,61.0,72.0,78.0,57
Gabriel Jesus,128.0,133.0,128.0,128.0,128.0,128.0,133.0,140.0,149.0,159.0,184.0,198.0,191
Ben White,27.0,28.0,27.0,27.0,27.0,27.0,28.0,35.0,33.0,30.0,32.0,44.0,55
Miguel Almiron,96.0,120.0,96.0,96.0,96.0,96.0,120.0,120.0,129.0,136.0,133.0,142.0,119
Lucas Digne,35.0,43.0,35.0,35.0,35.0,35.0,43.0,43.0,50.0,57.0,33.0,43.0,42
Alex Iwobi,223.0,205.0,223.0,223.0,223.0,223.0,205.0,206.0,208.0,214.0,163.0,167.0,144
Murillo,357.0,259.0,357.0,357.0,357.0,357.0,259.0,260.0,256.0,263.0,230.0,238.0,216
Bobby De Cordova-Reid,170.0,122.0,170.0,170.0,170.0,170.0,122.0,122.0,131.0,142.0,167.0,182.0,197
Harvey Elliott,291.0,296.0,291.0,291.0,291.0,291.0,296.0,295.0,290.0,298.0,254.0,254.0,263
Tahith Chong,345.0,319.0,345.0,345.0,345.0,345.0,319.0,318.0,306.0,311.0,264.0,272.0,276
Jacob Brown,205.0,186.0,205.0,205.0,205.0,205.0,186.0,183.0,197.0,204.0,203.0,221.0,183
Dara O'Shea,324.0,369.0,324.0,324.0,324.0,324.0,369.0,368.0,349.0,252.0,240.0,252.0,241
Joe Rothwell,268.0,278.0,268.0,268.0,268.0,268.0,278.0,278.0,275.0,282.0,283.0,294.0,307
Tom Cairney,371.0,289.0,371.0,371.0,371.0,371.0,289.0,288.0,280.0,288.0,299.0,305.0,300
Auston Trusty,393.0,348.0,393.0,393.0,393.0,393.0,348.0,348.0,332.0,396.0,370.0,348.0,341
Alejandro Garnacho,280.0,254.0,280.0,280.0,280.0,280.0,254.0,254.0,254.0,260.0,239.0,219.0,180
Ryan Christie,76.0,97.0,76.0,76.0,76.0,76.0,97.0,94.0,107.0,99.0,111.0,85.0,90
Nicolo Zaniolo,236.0,261.0,236.0,236.0,236.0,236.0,261.0,262.0,263.0,268.0,276.0,284.0,297
Rayan Ait-Nouri,250.0,257.0,250.0,250.0,250.0,250.0,257.0,257.0,257.0,240.0,242.0,210.0,214
Pelly Ruddock,302.0,255.0,302.0,302.0,302.0,302.0,255.0,255.0,255.0,262.0,281.0,292.0,301
Rhian Brewster,370.0,383.0,370.0,370.0,370.0,370.0,383.0,382.0,362.0,359.0,365.0,375.0,387
Ben Osborn,628.0,630.0,628.0,628.0,628.0,628.0,630.0,630.0,388.0,408.0,405.0,411.0,393
Jonny Evans,233.0,223.0,233.0,233.0,233.0,233.0,223.0,222.0,225.0,229.0,223.0,236.0,246
Solly March,29.0,26.0,29.0,29.0,29.0,29.0,26.0,26.0,32.0,39.0,51.0,67.0,77
Nicolas Jackson,125.0,88.0,125.0,125.0,125.0,125.0,88.0,87.0,98.0,94.0,40.0,39.0,47
Odsonne Edouard,25.0,39.0,25.0,25.0,25.0,25.0,39.0,38.0,45.0,42.0,55.0,45.0,49
Billy Gilmour,69.0,94.0,69.0,69.0,69.0,69.0,94.0,90.0,105.0,110.0,136.0,140.0,151
Arnaut Danjuma Groeneveld,150.0,177.0,150.0,150.0,150.0,150.0,177.0,174.0,195.0,201.0,222.0,235.0,229
Joseph Gomez,145.0,160.0,145.0,145.0,145.0,145.0,160.0,156.0,168.0,176.0,152.0,166.0,181
Michael Keane,351.0,364.0,351.0,351.0,351.0,351.0,364.0,364.0,356.0,364.0,371.0,380.0,390
Marvelous Nakamba,122.0,130.0,122.0,122.0,122.0,122.0,130.0,129.0,141.0,153.0,186.0,195.0,205
Issa Kabore,197.0,179.0,197.0,197.0,197.0,197.0,179.0,177.0,196.0,203.0,185.0,178.0,192
Vinicius de Souza Costa,157.0,168.0,157.0,157.0,157.0,157.0,168.0,164.0,172.0,160.0,166.0,168.0,174
Mads Roerslev,249.0,258.0,249.0,249.0,249.0,249.0,258.0,258.0,258.0,226.0,241.0,265.0,275
James Milner,310.0,326.0,310.0,310.0,310.0,310.0,326.0,326.0,323.0,330.0,294.0,306.0,318
Pablo Fornals,252.0,274.0,252.0,252.0,252.0,252.0,274.0,274.0,274.0,281.0,282.0,293.0,306
Oliver Skipp,713.0,720.0,713.0,713.0,713.0,713.0,720.0,720.0,401.0,404.0,385.0,394.0,375
Nathan Redmond,349.0,362.0,349.0,349.0,349.0,349.0,362.0,362.0,355.0,363.0,352.0,360.0,368
Ehor Yarmolyuk,702.0,704.0,702.0,702.0,702.0,702.0,704.0,704.0,391.0,381.0,386.0,351.0,333
Alexander Isak,38.0,22.0,38.0,38.0,38.0,38.0,22.0,22.0,31.0,36.0,48.0,61.0,56
Rodri,54.0,71.0,54.0,54.0,54.0,54.0,71.0,72.0,83.0,90.0,45.0,34.0,39
Kai Havertz,165.0,152.0,165.0,165.0,165.0,165.0,152.0,192.0,165.0,163.0,171.0,173.0,154
Mohammed Kudus,281.0,226.0,281.0,281.0,281.0,281.0,226.0,226.0,234.0,235.0,164.0,164.0,104
Jack Harrison,312.0,189.0,312.0,312.0,312.0,312.0,189.0,186.0,204.0,211.0,191.0,149.0,152
Gustavo Hamer,60.0,67.0,60.0,60.0,60.0,60.0,67.0,67.0,80.0,74.0,96.0,91.0,94
Amadou Onana,104.0,103.0,104.0,104.0,104.0,104.0,103.0,101.0,118.0,121.0,123.0,141.0,161
Joel Veltman,217.0,256.0,217.0,217.0,217.0,217.0,256.0,256.0,262.0,267.0,253.0,270.0,258
Carlos Vinicius,289.0,230.0,289.0,289.0,289.0,289.0,230.0,230.0,239.0,242.0,255.0,274.0,284
Joao Gomes,151.0,184.0,151.0,151.0,151.0,151.0,184.0,182.0,201.0,202.0,224.0,205.0,212
Josh Cullen,177.0,165.0,177.0,177.0,177.0,177.0,165.0,161.0,173.0,185.0,210.0,225.0,233
Jean-Philippe Mateta,179.0,199.0,179.0,179.0,179.0,179.0,199.0,199.0,214.0,208.0,228.0,242.0,211
Ryan Yates,244.0,280.0,244.0,244.0,244.0,244.0,280.0,280.0,283.0,291.0,288.0,301.0,294
Kyle Walker,79.0,93.0,79.0,79.0,79.0,79.0,93.0,92.0,106.0,111.0,86.0,107.0,98
Takehiro Tomiyasu,316.0,335.0,316.0,316.0,316.0,316.0,335.0,335.0,331.0,255.0,262.0,257.0,217
Pascal Gross,24.0,33.0,24.0,24.0,24.0,24.0,33.0,32.0,41.0,50.0,42.0,48.0,28
Sandro Tonali,146.0,155.0,146.0,146.0,146.0,146.0,155.0,152.0,169.0,177.0,202.0,220.0,231
Christian Eriksen,123.0,128.0,123.0,123.0,123.0,123.0,128.0,127.0,151.0,162.0,147.0,159.0,175
Josh Brownhill,169.0,121.0,169.0,169.0,169.0,169.0,121.0,121.0,137.0,128.0,115.0,99.0,96
Tim Ream,168.0,158.0,168.0,168.0,168.0,168.0,158.0,155.0,171.0,178.0,157.0,190.0,208
Ibrahim Sangare,274.0,264.0,274.0,274.0,274.0,274.0,264.0,265.0,272.0,279.0,247.0,228.0,238
Harrison Reed,152.0,173.0,152.0,152.0,152.0,152.0,173.0,171.0,183.0,189.0,208.0,229.0,236
Giovani Lo Celso,373.0,385.0,373.0,373.0,373.0,373.0,385.0,385.0,378.0,385.0,397.0,371.0,278
Valentino Livramento,391.0,397.0,391.0,391.0,391.0,391.0,397.0,397.0,395.0,399.0,390.0,390.0,347
Iyenoma Destiny Udogie,73.0,61.0,73.0,73.0,73.0,73.0,61.0,61.0,75.0,81.0,120.0,133.0,147
Lewis Dunk,309.0,229.0,309.0,309.0,309.0,309.0,229.0,229.0,242.0,246.0,227.0,239.0,262
Teden Mengi,368.0,317.0,368.0,368.0,368.0,368.0,317.0,316.0,316.0,323.0,305.0,283.0,226
Carlton Morris,44.0,31.0,44.0,44.0,44.0,44.0,31.0,30.0,39.0,47.0,60.0,63.0,64
Raphael Varane,164.0,193.0,164.0,164.0,164.0,164.0,193.0,190.0,210.0,215.0,235.0,247.0,252
Pablo Sarabia,175.0,207.0,175.0,175.0,175.0,175.0,207.0,208.0,223.0,225.0,248.0,177.0,190
Wilson Odobert,339.0,239.0,339.0,339.0,339.0,339.0,239.0,239.0,248.0,253.0,252.0,253.0,264
Emile Smith Rowe,327.0,345.0,327.0,327.0,327.0,327.0,345.0,345.0,350.0,271.0,287.0,300.0,312
Sander Berge,225.0,181.0,225.0,225.0,225.0,225.0,181.0,179.0,202.0,179.0,194.0,172.0,166
Ross Barkley,258.0,283.0,258.0,258.0,258.0,258.0,283.0,283.0,293.0,301.0,221.0,211.0,220
Jack Robinson,288.0,315.0,288.0,288.0,288.0,288.0,315.0,314.0,317.0,346.0,331.0,326.0,343
Jacob Bruun Larsen,298.0,236.0,298.0,298.0,298.0,298.0,236.0,236.0,246.0,237.0,260.0,267.0,281
Cheikhou Kouyate,321.0,325.0,321.0,321.0,321.0,321.0,325.0,325.0,329.0,336.0,349.0,357.0,365
Cauley Woodrow,270.0,265.0,270.0,270.0,270.0,270.0,265.0,266.0,276.0,283.0,297.0,310.0,322
David Ozoh,631.0,633.0,631.0,631.0,631.0,631.0,633.0,633.0,404.0,409.0,417.0,424.0,432
Ruben Dias,176.0,211.0,176.0,176.0,176.0,176.0,211.0,196.0,226.0,230.0,198.0,226.0,230
Gabriel Magalhaes,148.0,124.0,148.0,148.0,148.0,148.0,124.0,153.0,150.0,161.0,160.0,157.0,129
Eberechi Eze,12.0,15.0,12.0,12.0,12.0,12.0,15.0,15.0,19.0,24.0,28.0,21.0,23
Pervis Estupinan,53.0,69.0,53.0,53.0,53.0,53.0,69.0,70.0,86.0,93.0,114.0,129.0,146
Evan Ferguson,51.0,62.0,51.0,51.0,51.0,51.0,62.0,62.0,79.0,84.0,80.0,90.0,80
Kevin De Bruyne,336.0,356.0,336.0,336.0,336.0,336.0,356.0,356.0,366.0,373.0,382.0,391.0,398
Joao Pedro,43.0,55.0,43.0,43.0,43.0,43.0,55.0,55.0,70.0,76.0,97.0,101.0,65
Sven Botman,68.0,91.0,68.0,68.0,68.0,68.0,91.0,89.0,111.0,112.0,138.0,152.0,170
Cody Gakpo,102.0,118.0,102.0,102.0,102.0,102.0,118.0,117.0,139.0,151.0,168.0,160.0,173
Casemiro,71.0,76.0,71.0,71.0,71.0,71.0,76.0,75.0,91.0,97.0,124.0,134.0,156
Andrew Robertson,30.0,36.0,30.0,30.0,30.0,30.0,36.0,36.0,49.0,56.0,77.0,88.0,95
Mason Mount,254.0,263.0,254.0,254.0,254.0,254.0,263.0,264.0,277.0,284.0,279.0,263.0,272
Michael Olise,621.0,624.0,621.0,621.0,621.0,621.0,624.0,624.0,629.0,636.0,642.0,410.0,267
Tomas Soucek,39.0,34.0,39.0,39.0,39.0,39.0,34.0,33.0,47.0,53.0,75.0,55.0,44
Thiago Silva,90.0,83.0,90.0,90.0,90.0,90.0,83.0,83.0,99.0,103.0,128.0,118.0,140
John Stones,677.0,724.0,677.0,677.0,677.0,677.0,724.0,680.0,724.0,728.0,291.0,304.0,315
Taiwo Awoniyi,31.0,46.0,31.0,31.0,31.0,31.0,46.0,46.0,62.0,70.0,91.0,77.0,85
Christopher Nkunku,613.0,616.0,613.0,613.0,613.0,613.0,616.0,616.0,621.0,628.0,634.0,642.0,646
Nathan Ake,133.0,156.0,133.0,133.0,133.0,133.0,156.0,147.0,175.0,181.0,145.0,158.0,133
Luke Shaw,203.0,232.0,203.0,203.0,203.0,203.0,232.0,232.0,244.0,249.0,268.0,278.0,248
Eddie Nketiah,55.0,68.0,55.0,55.0,55.0,55.0,68.0,68.0,85.0,32.0,41.0,54.0,66
Ben Chilwell,115.0,138.0,115.0,115.0,115.0,115.0,138.0,137.0,162.0,172.0,196.0,213.0,219
Axel Disasi,94.0,80.0,94.0,94.0,94.0,94.0,80.0,80.0,95.0,105.0,131.0,161.0,177
Brennan Johnson,259.0,285.0,259.0,259.0,259.0,259.0,285.0,285.0,298.0,247.0,257.0,222.0,204
Yves Bissouma,74.0,110.0,74.0,74.0,74.0,74.0,110.0,109.0,127.0,122.0,134.0,139.0,158
Pau Torres,209.0,159.0,209.0,209.0,209.0,209.0,159.0,158.0,176.0,182.0,188.0,185.0,141
Mateo Kovacic,202.0,238.0,202.0,202.0,202.0,202.0,238.0,238.0,251.0,257.0,246.0,248.0,254
Ivan Toney,685.0,686.0,685.0,685.0,685.0,685.0,686.0,687.0,689.0,695.0,700.0,708.0,712
Said Benrahma,135.0,163.0,135.0,135.0,135.0,135.0,163.0,159.0,182.0,187.0,179.0,194.0,198
Matheus Nunes,167.0,185.0,167.0,167.0,167.0,167.0,185.0,193.0,206.0,213.0,234.0,250.0,257
Kenny Tete,208.0,235.0,208.0,208.0,208.0,208.0,235.0,235.0,249.0,254.0,270.0,281.0,293
Aaron Wan-Bissaka,143.0,172.0,143.0,143.0,143.0,143.0,172.0,170.0,194.0,199.0,169.0,186.0,188
Alex Moreno,604.0,606.0,604.0,604.0,604.0,604.0,606.0,606.0,611.0,618.0,623.0,631.0,637
Jacob Ramsey,248.0,270.0,248.0,248.0,248.0,248.0,270.0,271.0,282.0,290.0,308.0,317.0,328
Ben Mee,338.0,358.0,338.0,338.0,338.0,338.0,358.0,358.0,369.0,376.0,381.0,376.0,327
Harvey Barnes,193.0,224.0,193.0,193.0,193.0,193.0,224.0,224.0,240.0,243.0,263.0,275.0,285
Julio Enciso,212.0,237.0,212.0,212.0,212.0,212.0,237.0,237.0,250.0,256.0,275.0,282.0,295
Thomas Partey,182.0,213.0,182.0,182.0,182.0,182.0,213.0,212.0,233.0,233.0,256.0,264.0,274
Marc Cucurella,472.0,281.0,472.0,472.0,472.0,472.0,281.0,281.0,296.0,258.0,238.0,258.0,283
Lisandro Martinez,363.0,376.0,363.0,363.0,363.0,363.0,376.0,375.0,386.0,391.0,403.0,408.0,414
Jadon Sancho,330.0,350.0,330.0,330.0,330.0,330.0,350.0,350.0,360.0,370.0,377.0,385.0,395
Callum Hudson-Odoi,181.0,198.0,181.0,181.0,181.0,181.0,198.0,198.0,220.0,223.0,243.0,255.0,223
Sergio Reguilon,328.0,347.0,328.0,328.0,328.0,328.0,347.0,347.0,358.0,366.0,394.0,308.0,319
Joe Willock,700.0,702.0,700.0,700.0,700.0,700.0,702.0,702.0,704.0,411.0,392.0,332.0,337
Manor Solomon,81.0,102.0,81.0,81.0,81.0,81.0,102.0,100.0,120.0,124.0,149.0,162.0,178
Danny Welbeck,186.0,217.0,186.0,186.0,186.0,186.0,217.0,216.0,235.0,236.0,258.0,266.0,279
Noni Madueke,362.0,375.0,362.0,362.0,362.0,362.0,375.0,374.0,385.0,352.0,359.0,368.0,372
Kevin Schade,140.0,170.0,140.0,140.0,140.0,140.0,170.0,168.0,190.0,195.0,218.0,232.0,244
Jurrien Timber,395.0,400.0,395.0,395.0,395.0,395.0,400.0,400.0,407.0,414.0,422.0,429.0,437
Fabio Vieira,137.0,167.0,137.0,137.0,137.0,137.0,167.0,163.0,184.0,140.0,165.0,212.0,218
Rico Henry,142.0,171.0,142.0,142.0,142.0,142.0,171.0,169.0,193.0,198.0,220.0,233.0,245
Emiliano Buendia,439.0,443.0,439.0,439.0,439.0,439.0,443.0,443.0,450.0,457.0,464.0,472.0,478
Hamed Traore,296.0,311.0,296.0,296.0,296.0,296.0,311.0,310.0,318.0,324.0,338.0,343.0,352
Justin Kluivert,229.0,250.0,229.0,229.0,229.0,229.0,250.0,249.0,265.0,269.0,285.0,273.0,193
Rodrigo Bentancur,427.0,432.0,427.0,427.0,427.0,427.0,432.0,432.0,439.0,446.0,453.0,407.0,386
Ivan Perisic,194.0,227.0,194.0,194.0,194.0,194.0,227.0,227.0,241.0,245.0,266.0,276.0,286
Aleksandar Mitrovic,322.0,340.0,322.0,322.0,322.0,322.0,340.0,340.0,348.0,357.0,362.0,372.0,382
Rico Lewis,314.0,288.0,314.0,314.0,314.0,314.0,288.0,332.0,302.0,307.0,330.0,339.0,346
Jeffrey Schlupp,118.0,136.0,118.0,118.0,118.0,118.0,136.0,136.0,161.0,147.0,126.0,116.0,118
Joao Cancelo,452.0,456.0,452.0,452.0,452.0,452.0,456.0,456.0,463.0,470.0,478.0,486.0,492
Armando Broja,437.0,284.0,437.0,437.0,437.0,437.0,284.0,284.0,297.0,304.0,318.0,287.0,299
Felipe,708.0,710.0,708.0,708.0,708.0,708.0,710.0,710.0,711.0,717.0,720.0,728.0,732
Anass Zaroury,727.0,728.0,727.0,727.0,727.0,727.0,728.0,727.0,728.0,726.0,729.0,736.0,739
Nelson Semedo,195.0,212.0,195.0,195.0,195.0,195.0,212.0,223.0,231.0,188.0,226.0,218.0,228
Tyrone Mings,394.0,399.0,394.0,394.0,394.0,394.0,399.0,399.0,406.0,413.0,421.0,428.0,436
Lewis Hall,715.0,716.0,715.0,715.0,715.0,715.0,716.0,716.0,719.0,723.0,726.0,352.0,359
Mahmoud Dahoud,232.0,253.0,232.0,232.0,232.0,232.0,253.0,253.0,269.0,274.0,249.0,262.0,271
Curtis Jones,386.0,392.0,386.0,386.0,386.0,386.0,392.0,392.0,399.0,402.0,413.0,419.0,413
Tariq Lamptey,261.0,286.0,261.0,261.0,261.0,261.0,286.0,286.0,299.0,305.0,319.0,325.0,335
Scott McKenna,138.0,169.0,138.0,138.0,138.0,138.0,169.0,166.0,185.0,190.0,214.0,230.0,242
Demarai Gray,523.0,525.0,523.0,523.0,523.0,523.0,525.0,525.0,530.0,537.0,543.0,552.0,558
Anel Ahmedhodzic,319.0,333.0,319.0,319.0,319.0,319.0,333.0,333.0,341.0,348.0,357.0,364.0,377
Benson Manuel,318.0,337.0,318.0,318.0,318.0,318.0,337.0,337.0,345.0,353.0,360.0,369.0,380
Benoit Badiashile,412.0,417.0,412.0,412.0,412.0,412.0,417.0,417.0,424.0,431.0,439.0,446.0,429
Antoine Semenyo,161.0,191.0,161.0,161.0,161.0,161.0,191.0,188.0,216.0,129.0,155.0,144.0,115
Carney Chukwuemeka,294.0,309.0,294.0,294.0,294.0,294.0,309.0,308.0,315.0,322.0,336.0,341.0,350
Danilo,237.0,260.0,237.0,237.0,237.0,237.0,260.0,261.0,273.0,280.0,301.0,307.0,313
Issa Diop,220.0,208.0,220.0,220.0,220.0,220.0,208.0,209.0,224.0,228.0,251.0,259.0,269
Aaron Cresswell,471.0,474.0,471.0,471.0,471.0,471.0,474.0,474.0,481.0,488.0,388.0,397.0,402
Jordan Beyer,335.0,273.0,335.0,335.0,335.0,335.0,273.0,273.0,286.0,293.0,304.0,285.0,309
Mario Lemina,147.0,161.0,147.0,147.0,147.0,147.0,161.0,157.0,178.0,116.0,130.0,96.0,102
Ben Davies,286.0,292.0,286.0,286.0,286.0,286.0,292.0,291.0,304.0,297.0,312.0,288.0,268
Facundo Buonanotte,358.0,372.0,358.0,358.0,358.0,358.0,372.0,371.0,382.0,389.0,366.0,333.0,349
Danny Ings,378.0,388.0,378.0,378.0,378.0,378.0,388.0,388.0,394.0,398.0,722.0,731.0,589
Luis Sinisterra,323.0,290.0,323.0,323.0,323.0,323.0,290.0,289.0,303.0,308.0,267.0,243.0,239
Romeo Lavia,571.0,574.0,571.0,571.0,571.0,571.0,574.0,574.0,579.0,586.0,592.0,602.0,610
Aaron Hickey,384.0,731.0,384.0,384.0,384.0,384.0,731.0,730.0,732.0,374.0,383.0,392.0,399
Jan-Paul van Hecke,239.0,247.0,239.0,239.0,239.0,239.0,247.0,252.0,259.0,264.0,274.0,271.0,265
Jean-Ricner Bellegarde,424.0,429.0,424.0,424.0,424.0,424.0,429.0,429.0,436.0,443.0,315.0,291.0,304
Idrissa Gueye,171.0,197.0,171.0,171.0,171.0,171.0,197.0,197.0,219.0,222.0,250.0,199.0,184
Ian Maatsen,379.0,354.0,379.0,379.0,379.0,379.0,354.0,354.0,364.0,358.0,364.0,374.0,384
Ryan Giles,206.0,233.0,206.0,206.0,206.0,206.0,233.0,233.0,247.0,251.0,269.0,279.0,291
Johann Gudmundsson,228.0,249.0,228.0,228.0,228.0,228.0,249.0,248.0,264.0,244.0,199.0,193.0,153
Amari'i Bell,297.0,313.0,297.0,297.0,297.0,297.0,313.0,312.0,321.0,328.0,342.0,349.0,303
Hannibal Mejbri,230.0,251.0,230.0,230.0,230.0,230.0,251.0,250.0,266.0,270.0,286.0,299.0,310
Diego Carlos,308.0,328.0,308.0,308.0,308.0,308.0,328.0,321.0,338.0,343.0,369.0,379.0,374
Thiago Alcantara,400.0,405.0,400.0,400.0,400.0,400.0,405.0,405.0,412.0,419.0,427.0,434.0,442
Adam Webster,389.0,395.0,389.0,389.0,389.0,389.0,395.0,395.0,402.0,405.0,344.0,353.0,361
Wataru Endo,359.0,373.0,359.0,359.0,359.0,359.0,373.0,372.0,383.0,390.0,402.0,389.0,412
Jhon Duran,187.0,220.0,187.0,187.0,187.0,187.0,220.0,219.0,236.0,238.0,261.0,268.0,277
Wesley Fofana,500.0,502.0,500.0,500.0,500.0,500.0,502.0,502.0,508.0,515.0,521.0,530.0,536
John Egan,304.0,321.0,304.0,304.0,304.0,304.0,321.0,320.0,328.0,334.0,346.0,354.0,362
Adama Traore,366.0,379.0,366.0,366.0,366.0,366.0,379.0,378.0,389.0,393.0,406.0,386.0,396
Tyler Adams,396.0,401.0,396.0,396.0,396.0,396.0,401.0,401.0,408.0,415.0,423.0,430.0,438
Fabio Silva,231.0,252.0,231.0,231.0,231.0,231.0,252.0,251.0,267.0,272.0,295.0,309.0,321
Facundo Pellistri,326.0,344.0,326.0,326.0,326.0,326.0,344.0,344.0,354.0,362.0,303.0,314.0,311
Folarin Balogun,418.0,423.0,418.0,418.0,418.0,418.0,423.0,423.0,430.0,437.0,445.0,453.0,460
Romelu Lukaku,576.0,579.0,576.0,576.0,576.0,576.0,579.0,579.0,584.0,591.0,597.0,607.0,615
Mikkel Damsgaard,353.0,366.0,353.0,353.0,353.0,353.0,366.0,366.0,376.0,383.0,395.0,402.0,407
Jakub Kiwior,361.0,374.0,361.0,361.0,361.0,361.0,374.0,373.0,384.0,326.0,341.0,346.0,354
Benie Traore,257.0,279.0,257.0,257.0,257.0,257.0,279.0,279.0,295.0,303.0,316.0,324.0,332
George Baldock,303.0,320.0,303.0,303.0,303.0,303.0,320.0,319.0,327.0,372.0,332.0,337.0,266
Divock Origi,626.0,715.0,626.0,626.0,626.0,626.0,715.0,715.0,715.0,720.0,724.0,417.0,422
Kobbie Mainoo,579.0,582.0,579.0,579.0,579.0,579.0,582.0,582.0,587.0,594.0,600.0,610.0,373
Kieran Tierney,683.0,684.0,683.0,683.0,683.0,683.0,684.0,685.0,687.0,693.0,698.0,706.0,710
Reiss Nelson,325.0,343.0,325.0,325.0,325.0,325.0,343.0,343.0,353.0,361.0,368.0,378.0,389
Mads Andersen,174.0,180.0,174.0,174.0,174.0,174.0,180.0,178.0,203.0,210.0,229.0,246.0,251
Aaron Ramsey,307.0,305.0,307.0,307.0,307.0,307.0,305.0,304.0,312.0,319.0,334.0,340.0,348
Gonzalo Montiel,348.0,346.0,348.0,348.0,348.0,348.0,346.0,346.0,357.0,365.0,372.0,381.0,391
Daniel Podence,451.0,455.0,451.0,451.0,451.0,451.0,455.0,455.0,462.0,469.0,476.0,484.0,490
Eric Dier,481.0,483.0,481.0,481.0,481.0,481.0,483.0,483.0,490.0,497.0,737.0,742.0,743
Mason Greenwood,525.0,527.0,525.0,525.0,525.0,525.0,527.0,527.0,532.0,539.0,545.0,554.0,560
Andrey Santos,609.0,612.0,609.0,609.0,609.0,609.0,612.0,612.0,617.0,624.0,629.0,637.0,641
Nuno Tavares,728.0,729.0,728.0,728.0,728.0,728.0,729.0,728.0,729.0,732.0,735.0,741.0,742
Sasa Lukic,282.0,287.0,282.0,282.0,282.0,282.0,287.0,287.0,300.0,306.0,306.0,315.0,326
Philippe Coutinho,320.0,339.0,320.0,320.0,320.0,320.0,339.0,339.0,346.0,355.0,361.0,370.0,381
Max Lowe,306.0,323.0,306.0,306.0,306.0,306.0,323.0,323.0,330.0,337.0,350.0,358.0,366
Hugo Bueno,315.0,334.0,315.0,315.0,315.0,315.0,334.0,334.0,342.0,349.0,358.0,366.0,378
Amad Diallo,478.0,480.0,478.0,478.0,478.0,478.0,480.0,480.0,487.0,494.0,501.0,509.0,515
Kalvin Phillips,340.0,359.0,340.0,340.0,340.0,340.0,359.0,359.0,370.0,377.0,363.0,373.0,383
Dele Alli,402.0,407.0,402.0,402.0,402.0,402.0,407.0,407.0,414.0,421.0,429.0,436.0,444
Stefan Bajcetic,414.0,419.0,414.0,414.0,414.0,414.0,419.0,419.0,426.0,433.0,441.0,448.0,455
Aymeric Laporte,352.0,365.0,352.0,352.0,352.0,352.0,365.0,365.0,375.0,382.0,393.0,401.0,406
Tanguy Ndombele,611.0,614.0,611.0,611.0,611.0,611.0,614.0,614.0,619.0,626.0,631.0,639.0,643
Ben Doak,482.0,484.0,482.0,482.0,482.0,482.0,484.0,484.0,491.0,498.0,504.0,512.0,518
Divin Mubama,605.0,608.0,605.0,605.0,605.0,605.0,608.0,608.0,613.0,620.0,625.0,633.0,426
Konstantinos Mavropanos,588.0,590.0,588.0,588.0,588.0,588.0,590.0,590.0,595.0,602.0,736.0,743.0,744
Jarell Quansah,311.0,327.0,311.0,311.0,311.0,311.0,327.0,327.0,336.0,342.0,354.0,347.0,356
Matt Targett,729.0,734.0,729.0,729.0,729.0,729.0,734.0,733.0,734.0,735.0,739.0,746.0,747
Sergio Gomez,271.0,293.0,271.0,271.0,271.0,271.0,293.0,292.0,305.0,309.0,323.0,334.0,338
Lesley Ugochukwu,301.0,316.0,301.0,301.0,301.0,301.0,316.0,315.0,324.0,317.0,340.0,345.0,342
Bryan Gil,515.0,517.0,515.0,515.0,515.0,515.0,517.0,517.0,522.0,529.0,535.0,730.0,371
Tosin Adarabioyo,369.0,382.0,369.0,369.0,369.0,369.0,382.0,381.0,390.0,394.0,408.0,412.0,417
Tyrell Malacia,580.0,583.0,580.0,580.0,580.0,580.0,583.0,583.0,588.0,595.0,601.0,611.0,618
Vitinho,714.0,730.0,714.0,714.0,714.0,714.0,730.0,729.0,730.0,733.0,734.0,744.0,745
Toti,342.0,353.0,342.0,342.0,342.0,342.0,353.0,353.0,363.0,286.0,278.0,260.0,270
Clement Lenglet,572.0,575.0,572.0,572.0,572.0,572.0,575.0,575.0,580.0,587.0,593.0,603.0,611
Jaidon Anthony,344.0,360.0,344.0,344.0,344.0,344.0,360.0,360.0,372.0,378.0,387.0,396.0,401
Trevoh Chalobah,454.0,458.0,454.0,454.0,454.0,454.0,458.0,458.0,465.0,472.0,480.0,488.0,494
Ryan Sessegnon,667.0,670.0,667.0,667.0,667.0,667.0,670.0,670.0,673.0,679.0,683.0,691.0,695
Lewis Dobbin,276.0,295.0,276.0,276.0,276.0,276.0,295.0,294.0,307.0,312.0,325.0,335.0,345
Fred,657.0,660.0,657.0,657.0,657.0,657.0,660.0,660.0,663.0,669.0,673.0,681.0,685
Albert Sambi Lokonga,350.0,363.0,350.0,350.0,350.0,350.0,363.0,363.0,374.0,380.0,391.0,400.0,405
Oscar Bobb,290.0,303.0,290.0,290.0,290.0,290.0,303.0,302.0,311.0,318.0,277.0,286.0,298
Maxwel Cornet,465.0,468.0,465.0,465.0,465.0,465.0,468.0,468.0,475.0,482.0,490.0,497.0,503
Keane Lewis-Potter,300.0,314.0,300.0,300.0,300.0,300.0,314.0,313.0,322.0,329.0,343.0,350.0,358
Marquinhos,622.0,625.0,622.0,622.0,622.0,622.0,625.0,625.0,630.0,637.0,643.0,651.0,655
Maximo Perrone,640.0,642.0,640.0,640.0,640.0,640.0,642.0,642.0,645.0,652.0,657.0,665.0,669
Naouirou Ahamada,334.0,355.0,334.0,334.0,334.0,334.0,355.0,355.0,365.0,367.0,373.0,382.0,385
Conor Bradley,435.0,440.0,435.0,435.0,435.0,435.0,440.0,440.0,447.0,454.0,461.0,469.0,475
Jordan Clark,460.0,464.0,460.0,460.0,460.0,460.0,464.0,464.0,471.0,478.0,486.0,415.0,420
Yasser Larouci,333.0,573.0,333.0,333.0,333.0,333.0,573.0,573.0,578.0,585.0,591.0,601.0,609
Jay Rodriguez,374.0,371.0,374.0,374.0,374.0,374.0,371.0,370.0,381.0,388.0,335.0,322.0,255
Adam Lallana,317.0,336.0,317.0,317.0,317.0,317.0,336.0,336.0,344.0,351.0,326.0,328.0,339
Djed Spence,674.0,677.0,674.0,674.0,674.0,674.0,677.0,677.0,680.0,686.0,690.0,698.0,702
Nathaniel Clyne,461.0,324.0,461.0,461.0,461.0,461.0,324.0,324.0,333.0,339.0,347.0,355.0,363
Hakim Ziyech,705.0,707.0,705.0,705.0,705.0,705.0,707.0,707.0,708.0,714.0,717.0,725.0,729
Anis Ben Slimane,720.0,721.0,720.0,720.0,720.0,720.0,721.0,721.0,722.0,406.0,415.0,459.0,465
Luke Harris,355.0,368.0,355.0,355.0,355.0,355.0,368.0,367.0,377.0,384.0,396.0,403.0,408
Rob Holding,545.0,547.0,545.0,545.0,545.0,545.0,547.0,547.0,552.0,559.0,565.0,574.0,580
Charlie Patino,634.0,636.0,634.0,634.0,634.0,634.0,636.0,636.0,639.0,646.0,651.0,659.0,663
Emmanuel Dennis,477.0,479.0,477.0,477.0,477.0,477.0,479.0,479.0,486.0,493.0,500.0,508.0,514
Thilo Kehrer,716.0,717.0,716.0,716.0,716.0,716.0,717.0,717.0,720.0,724.0,727.0,734.0,737
Chris Mepham,380.0,389.0,380.0,380.0,380.0,380.0,389.0,389.0,396.0,354.0,398.0,404.0,409
Moussa Niakhate,725.0,726.0,725.0,725.0,725.0,725.0,726.0,725.0,725.0,729.0,356.0,395.0,738
Nicolas Pepe,637.0,639.0,637.0,637.0,637.0,637.0,639.0,639.0,642.0,649.0,654.0,662.0,666
Dane Scarlett,664.0,667.0,664.0,664.0,664.0,664.0,667.0,667.0,671.0,677.0,681.0,689.0,693
Shola Shoretire,671.0,674.0,671.0,671.0,671.0,671.0,674.0,674.0,677.0,683.0,687.0,695.0,699
Yasin Ayari,411.0,416.0,411.0,411.0,411.0,411.0,416.0,416.0,423.0,430.0,438.0,445.0,453
Josh Dasilva,473.0,475.0,473.0,473.0,473.0,473.0,475.0,475.0,482.0,489.0,496.0,503.0,509
Jack Hinshelwood,313.0,332.0,313.0,313.0,313.0,313.0,332.0,331.0,339.0,344.0,355.0,363.0,357
Kieffer Moore,387.0,342.0,387.0,387.0,387.0,387.0,342.0,342.0,352.0,360.0,367.0,377.0,388
Davinson Sanchez,392.0,398.0,392.0,392.0,392.0,392.0,398.0,398.0,405.0,410.0,418.0,425.0,433
Keinan Davis,475.0,477.0,475.0,475.0,475.0,475.0,477.0,477.0,484.0,491.0,498.0,505.0,511
Leander Dendoncker,383.0,391.0,383.0,383.0,383.0,383.0,391.0,391.0,398.0,401.0,411.0,416.0,421
Lewis Miley,601.0,603.0,601.0,601.0,601.0,601.0,603.0,603.0,608.0,615.0,620.0,399.0,340
William Osula,721.0,722.0,721.0,721.0,721.0,721.0,722.0,722.0,723.0,727.0,730.0,737.0,404
Youssef Ramalho Chermiti,719.0,718.0,719.0,719.0,719.0,719.0,718.0,718.0,721.0,725.0,728.0,735.0,416
Chris Richards,712.0,370.0,712.0,712.0,712.0,712.0,370.0,369.0,380.0,387.0,400.0,406.0,411
Scott Twine,688.0,690.0,688.0,688.0,688.0,688.0,690.0,690.0,692.0,699.0,703.0,711.0,715
Harvey White,696.0,698.0,696.0,696.0,696.0,696.0,698.0,698.0,700.0,707.0,710.0,718.0,722
Joe Hugill,548.0,550.0,548.0,548.0,548.0,548.0,550.0,550.0,555.0,562.0,568.0,577.0,583
Donny van de Beek,375.0,386.0,375.0,375.0,375.0,375.0,386.0,386.0,392.0,395.0,409.0,413.0,418
Enock Agyei,399.0,404.0,399.0,399.0,399.0,399.0,404.0,404.0,411.0,418.0,426.0,433.0,441
Cedric Soares,403.0,408.0,403.0,403.0,403.0,403.0,408.0,408.0,415.0,422.0,430.0,437.0,445
Chris Basham,265.0,271.0,265.0,265.0,265.0,265.0,271.0,272.0,284.0,292.0,310.0,319.0,329
Jonny,382.0,390.0,382.0,382.0,382.0,382.0,390.0,390.0,397.0,400.0,412.0,418.0,423
Calum Chambers,455.0,459.0,455.0,455.0,455.0,455.0,459.0,459.0,466.0,473.0,481.0,489.0,495
Seamus Coleman,462.0,465.0,462.0,462.0,462.0,462.0,465.0,465.0,472.0,479.0,487.0,494.0,500
Ismaila Coulibaly,467.0,470.0,467.0,467.0,467.0,467.0,470.0,470.0,477.0,484.0,492.0,499.0,505
Malcolm Ebiowei,490.0,492.0,490.0,490.0,490.0,490.0,492.0,492.0,498.0,506.0,512.0,521.0,527
Ben Godfrey,518.0,520.0,518.0,518.0,518.0,518.0,520.0,520.0,525.0,532.0,538.0,546.0,552
Daniel Gore,522.0,524.0,522.0,522.0,522.0,522.0,524.0,524.0,529.0,536.0,542.0,551.0,557
James Hill,390.0,396.0,390.0,390.0,390.0,390.0,396.0,396.0,403.0,407.0,416.0,423.0,431
Joseph Hodge,544.0,546.0,544.0,544.0,544.0,544.0,546.0,546.0,551.0,558.0,564.0,573.0,579
Jaden Philogene-Bidace,644.0,646.0,644.0,644.0,644.0,644.0,646.0,646.0,649.0,656.0,661.0,669.0,673
Matt Ritchie,655.0,658.0,655.0,655.0,655.0,655.0,658.0,658.0,661.0,667.0,401.0,422.0,734
Shandon Baptiste,419.0,424.0,419.0,419.0,419.0,419.0,424.0,424.0,431.0,438.0,446.0,454.0,430
Jamie Donley,484.0,486.0,484.0,484.0,484.0,484.0,486.0,486.0,493.0,500.0,506.0,514.0,520
Alvaro Fernandez,498.0,500.0,498.0,498.0,498.0,498.0,500.0,500.0,506.0,513.0,519.0,528.0,534
Kortney Hause,536.0,538.0,536.0,536.0,536.0,536.0,538.0,538.0,543.0,550.0,556.0,565.0,571
Ben Johnson,556.0,558.0,556.0,556.0,556.0,556.0,558.0,558.0,563.0,570.0,576.0,586.0,594
Zanka,337.0,357.0,337.0,337.0,337.0,337.0,357.0,357.0,368.0,375.0,384.0,393.0,400
Jay Stansfield,675.0,678.0,675.0,675.0,675.0,675.0,678.0,678.0,681.0,687.0,691.0,699.0,703
Andre Gomes,682.0,683.0,682.0,682.0,682.0,682.0,683.0,684.0,686.0,692.0,697.0,705.0,709
Mason Burstow,442.0,446.0,442.0,442.0,442.0,442.0,446.0,446.0,453.0,460.0,467.0,475.0,481
Bobby Clark,459.0,463.0,459.0,459.0,459.0,459.0,463.0,463.0,470.0,477.0,485.0,493.0,499
Jack Cork,464.0,467.0,464.0,464.0,464.0,464.0,467.0,467.0,474.0,481.0,489.0,496.0,502
Conor Coventry,468.0,471.0,468.0,468.0,468.0,468.0,471.0,471.0,478.0,485.0,493.0,500.0,506
Goncalo Guedes,513.0,515.0,513.0,513.0,513.0,513.0,515.0,515.0,520.0,527.0,533.0,542.0,548
Enso Gonzalez,519.0,521.0,519.0,519.0,519.0,519.0,521.0,521.0,526.0,533.0,539.0,547.0,553
Mason Holgate,546.0,548.0,546.0,546.0,546.0,546.0,548.0,548.0,553.0,560.0,566.0,575.0,581
Kevin Mbabu,589.0,591.0,589.0,589.0,589.0,589.0,591.0,591.0,596.0,603.0,608.0,618.0,625
Jakub Moder,602.0,604.0,602.0,602.0,602.0,602.0,604.0,604.0,609.0,616.0,621.0,629.0,425
Angelo Ogbonna,331.0,351.0,331.0,331.0,331.0,331.0,351.0,351.0,361.0,371.0,379.0,383.0,392
Michael Olakigbe,364.0,377.0,364.0,364.0,364.0,364.0,377.0,376.0,387.0,392.0,404.0,409.0,415
Daniel Potts,647.0,649.0,647.0,647.0,647.0,647.0,649.0,649.0,652.0,659.0,664.0,672.0,676
Jairo Riedewald,381.0,349.0,381.0,381.0,381.0,381.0,349.0,349.0,359.0,369.0,376.0,384.0,394
Malang Sarr,662.0,665.0,662.0,662.0,662.0,662.0,665.0,665.0,668.0,674.0,678.0,686.0,690
Jonjo Shelvey,670.0,673.0,670.0,670.0,670.0,670.0,673.0,673.0,676.0,682.0,686.0,694.0,698
Adam Smith,723.0,727.0,723.0,723.0,723.0,723.0,727.0,726.0,727.0,731.0,733.0,739.0,369
Bertrand Traore,686.0,688.0,686.0,686.0,686.0,686.0,688.0,688.0,690.0,696.0,419.0,426.0,434
Deivid Washington de Souza Eugenio,710.0,712.0,710.0,710.0,710.0,710.0,712.0,712.0,713.0,412.0,420.0,427.0,435
Luke Berry,430.0,435.0,430.0,430.0,430.0,430.0,435.0,435.0,442.0,449.0,456.0,464.0,470
Allan Campbell,445.0,449.0,445.0,445.0,445.0,445.0,449.0,449.0,456.0,463.0,470.0,478.0,484
Sergi Canos,447.0,451.0,447.0,447.0,447.0,447.0,451.0,451.0,458.0,465.0,472.0,480.0,486
Darko Churlinov,458.0,462.0,458.0,458.0,458.0,458.0,462.0,462.0,469.0,476.0,484.0,492.0,498
Tom Davies,346.0,361.0,346.0,346.0,346.0,346.0,361.0,361.0,373.0,379.0,389.0,398.0,403
Flynn Downes,485.0,487.0,485.0,485.0,485.0,485.0,487.0,487.0,494.0,501.0,507.0,516.0,522
Hjalmar Ekdal,492.0,494.0,492.0,492.0,492.0,492.0,494.0,494.0,500.0,508.0,514.0,523.0,529
Mohamed Elneny,493.0,495.0,493.0,493.0,493.0,493.0,495.0,495.0,501.0,341.0,353.0,361.0,370
Tyrese Francois,506.0,508.0,506.0,506.0,506.0,506.0,508.0,508.0,513.0,520.0,526.0,535.0,541
Ryan Fraser,508.0,510.0,508.0,508.0,508.0,508.0,510.0,510.0,515.0,522.0,528.0,537.0,543
Luke Freeman,510.0,512.0,510.0,510.0,510.0,510.0,512.0,512.0,517.0,524.0,530.0,539.0,545
Isak Hansen-Aaroen,533.0,535.0,533.0,533.0,533.0,533.0,535.0,535.0,540.0,547.0,553.0,562.0,568
Omari Kellyman,562.0,564.0,562.0,562.0,562.0,562.0,564.0,564.0,569.0,576.0,582.0,592.0,600
Javier Manquillo,581.0,584.0,581.0,581.0,581.0,581.0,584.0,584.0,589.0,596.0,602.0,612.0,619
Andrew Omobamidele,624.0,627.0,624.0,624.0,624.0,624.0,627.0,627.0,632.0,639.0,645.0,653.0,657
Ashley Phillips,642.0,644.0,642.0,642.0,642.0,642.0,644.0,644.0,647.0,654.0,659.0,667.0,671
Nathaniel Phillips,643.0,645.0,643.0,643.0,643.0,643.0,645.0,645.0,648.0,655.0,660.0,668.0,672
Japhet Tanganga,681.0,682.0,681.0,681.0,681.0,681.0,682.0,683.0,685.0,691.0,695.0,703.0,707
James Tomkins,684.0,685.0,684.0,684.0,684.0,684.0,685.0,686.0,688.0,694.0,699.0,707.0,711
Brandon Williams,699.0,701.0,699.0,699.0,699.0,699.0,701.0,701.0,703.0,710.0,713.0,721.0,725
Diego Moreira,707.0,709.0,707.0,707.0,707.0,707.0,709.0,709.0,710.0,716.0,719.0,727.0,731
Steven Alzate,404.0,409.0,404.0,404.0,404.0,404.0,409.0,409.0,416.0,423.0,431.0,438.0,446
Eric Bailly,413.0,418.0,413.0,413.0,413.0,413.0,418.0,418.0,425.0,432.0,440.0,447.0,454
Mads Bech Sorensen,423.0,428.0,423.0,423.0,423.0,423.0,428.0,428.0,435.0,442.0,450.0,458.0,464
Andre Brooks,377.0,387.0,377.0,377.0,377.0,377.0,387.0,387.0,393.0,397.0,410.0,414.0,419
Ryan Fredericks,509.0,511.0,509.0,509.0,509.0,509.0,511.0,511.0,516.0,523.0,529.0,538.0,544
Remo Freuler,511.0,513.0,511.0,511.0,511.0,511.0,513.0,513.0,518.0,525.0,531.0,540.0,546
Antwoine Hackford,531.0,533.0,531.0,531.0,531.0,531.0,533.0,533.0,538.0,545.0,551.0,560.0,566
Hwang Ui-Jo,552.0,554.0,552.0,552.0,552.0,552.0,554.0,554.0,559.0,566.0,572.0,581.0,587
Tim Iroegbunam,553.0,555.0,553.0,553.0,553.0,553.0,555.0,555.0,560.0,567.0,573.0,583.0,590
Daniel Jebbison,555.0,557.0,555.0,555.0,555.0,555.0,557.0,557.0,562.0,569.0,575.0,585.0,593
Anthony Knockaert,566.0,568.0,566.0,566.0,566.0,566.0,568.0,568.0,573.0,580.0,586.0,596.0,604
Charlie McNeill,596.0,598.0,596.0,596.0,596.0,596.0,598.0,598.0,603.0,610.0,615.0,624.0,631
Alex Mighten,599.0,601.0,599.0,599.0,599.0,599.0,601.0,601.0,606.0,613.0,618.0,627.0,634
Rodrigo Muniz,718.0,393.0,718.0,718.0,718.0,718.0,393.0,393.0,400.0,403.0,351.0,359.0,367
Admiral Muskwe,608.0,611.0,608.0,608.0,608.0,608.0,611.0,611.0,616.0,623.0,628.0,636.0,640
Rhys Norrington-Davies,614.0,617.0,614.0,614.0,614.0,614.0,617.0,617.0,622.0,629.0,635.0,643.0,647
Omar Richards,654.0,657.0,654.0,654.0,654.0,654.0,657.0,657.0,660.0,666.0,671.0,679.0,683
Fode Ballo-Toure,417.0,422.0,417.0,417.0,417.0,417.0,422.0,422.0,429.0,436.0,444.0,452.0,459
Rhys Bennett,426.0,431.0,426.0,426.0,426.0,426.0,431.0,431.0,438.0,445.0,452.0,461.0,467
Thomas Cannon,446.0,450.0,446.0,446.0,446.0,446.0,450.0,450.0,457.0,464.0,471.0,479.0,485
Daniel Chesters,457.0,461.0,457.0,457.0,457.0,457.0,461.0,461.0,468.0,475.0,483.0,491.0,497
Amario Cozier-Duberry,469.0,472.0,469.0,469.0,469.0,469.0,472.0,472.0,479.0,486.0,494.0,501.0,507
Amadou Diallo,479.0,481.0,479.0,479.0,479.0,479.0,481.0,481.0,488.0,495.0,502.0,510.0,516
Matthew Dibley-Dias,480.0,482.0,480.0,480.0,480.0,480.0,482.0,482.0,489.0,496.0,503.0,511.0,517
Nathan Ferguson,497.0,499.0,497.0,497.0,497.0,497.0,499.0,499.0,505.0,512.0,518.0,527.0,533
John Fleck,499.0,501.0,499.0,499.0,499.0,499.0,501.0,501.0,507.0,514.0,520.0,529.0,535
Gustavo Scarpa,512.0,514.0,512.0,512.0,512.0,512.0,514.0,514.0,519.0,526.0,532.0,541.0,547
Jean-Philippe Gbamin,514.0,516.0,514.0,514.0,514.0,514.0,516.0,516.0,521.0,528.0,534.0,543.0,549
Alfie Gilchrist,516.0,518.0,516.0,516.0,516.0,516.0,518.0,518.0,523.0,530.0,536.0,544.0,550
Charlie Goode,520.0,522.0,520.0,520.0,520.0,520.0,522.0,522.0,527.0,534.0,540.0,548.0,554
Loic Mbe Soh,590.0,592.0,590.0,590.0,590.0,590.0,592.0,592.0,597.0,604.0,609.0,619.0,626
John McAtee,592.0,594.0,592.0,592.0,592.0,592.0,594.0,594.0,599.0,606.0,611.0,621.0,628
James McConnell,593.0,595.0,593.0,593.0,593.0,593.0,595.0,595.0,600.0,607.0,612.0,420.0,424
Lewis O'Brien,615.0,618.0,615.0,615.0,615.0,615.0,618.0,618.0,623.0,630.0,636.0,645.0,649
Michael Obafemi,617.0,620.0,617.0,617.0,617.0,617.0,620.0,620.0,625.0,632.0,638.0,421.0,428
Myles Peart-Harris,636.0,638.0,636.0,636.0,636.0,636.0,638.0,638.0,641.0,648.0,653.0,661.0,665
Charles Sagoe Junior,659.0,662.0,659.0,659.0,659.0,659.0,662.0,662.0,665.0,671.0,675.0,683.0,687
Harry Arter,409.0,414.0,409.0,409.0,409.0,409.0,414.0,414.0,421.0,428.0,436.0,443.0,451
Emiliano Marcondes Camargo Hansen,444.0,448.0,444.0,444.0,444.0,444.0,448.0,448.0,455.0,462.0,469.0,477.0,483
Dara Costelloe,466.0,469.0,466.0,466.0,466.0,466.0,469.0,469.0,476.0,483.0,491.0,498.0,504
Luc De Fougerolles,476.0,478.0,476.0,476.0,476.0,476.0,478.0,478.0,485.0,492.0,499.0,507.0,513
Mohamed Drager,487.0,489.0,487.0,487.0,487.0,487.0,489.0,489.0,495.0,502.0,508.0,517.0,523
CJ Egan-Riley,491.0,493.0,491.0,491.0,491.0,491.0,493.0,493.0,499.0,507.0,513.0,522.0,528
Noam Emeran,494.0,496.0,494.0,494.0,494.0,494.0,496.0,496.0,502.0,509.0,515.0,524.0,530
Omari Forson,501.0,503.0,501.0,501.0,501.0,501.0,503.0,503.0,509.0,516.0,522.0,531.0,537
Isaac Hayden,537.0,539.0,537.0,537.0,537.0,537.0,539.0,539.0,544.0,551.0,557.0,566.0,572
Jeff Hendrick,541.0,543.0,541.0,541.0,541.0,541.0,543.0,543.0,548.0,555.0,561.0,570.0,576
Ji-Soo Kim,564.0,566.0,564.0,564.0,564.0,564.0,566.0,566.0,571.0,578.0,584.0,594.0,602
Emil Krafth,569.0,571.0,569.0,569.0,569.0,569.0,571.0,571.0,576.0,583.0,589.0,599.0,607
Callum Marshall,584.0,587.0,584.0,584.0,584.0,584.0,587.0,587.0,592.0,599.0,605.0,615.0,622
Alex Matos,586.0,714.0,586.0,586.0,586.0,586.0,714.0,714.0,714.0,719.0,723.0,732.0,735
Delano McCoy-Splatt,594.0,596.0,594.0,594.0,594.0,594.0,596.0,596.0,601.0,608.0,613.0,622.0,629
Andy Moran,603.0,605.0,603.0,603.0,603.0,603.0,605.0,605.0,610.0,617.0,622.0,630.0,636
Tyler Onyango,625.0,628.0,625.0,625.0,625.0,625.0,628.0,628.0,634.0,641.0,647.0,655.0,659
Sebastian Revan,653.0,656.0,653.0,653.0,653.0,653.0,656.0,656.0,659.0,665.0,670.0,678.0,682
Ronnie Stutter,679.0,680.0,679.0,679.0,679.0,679.0,680.0,681.0,683.0,689.0,693.0,701.0,705
James Sweet,680.0,681.0,680.0,680.0,680.0,680.0,681.0,682.0,684.0,690.0,694.0,702.0,706
Kadan Young,703.0,705.0,703.0,703.0,703.0,703.0,705.0,705.0,706.0,712.0,715.0,723.0,727
Samuel Amissah,406.0,411.0,406.0,406.0,406.0,406.0,411.0,411.0,418.0,425.0,433.0,440.0,448
Giulian Biancone,432.0,437.0,432.0,432.0,432.0,432.0,437.0,437.0,444.0,451.0,458.0,466.0,472
Santiago Bueno,440.0,444.0,440.0,440.0,440.0,440.0,444.0,444.0,451.0,458.0,465.0,473.0,479
Bruno Jordao,453.0,457.0,453.0,453.0,453.0,453.0,457.0,457.0,464.0,471.0,479.0,487.0,493
Luke Chambers,456.0,460.0,456.0,456.0,456.0,456.0,460.0,460.0,467.0,474.0,482.0,490.0,496
Toby Collyer,463.0,466.0,463.0,463.0,463.0,463.0,466.0,466.0,473.0,480.0,488.0,495.0,501
Owen Dodgson,483.0,485.0,483.0,483.0,483.0,483.0,485.0,485.0,492.0,499.0,505.0,513.0,519
Paul Dummett,489.0,491.0,489.0,489.0,489.0,489.0,491.0,491.0,497.0,505.0,511.0,520.0,526
Josh Feeney,496.0,498.0,496.0,496.0,496.0,496.0,498.0,498.0,504.0,511.0,517.0,526.0,532
John-Kymani Gordon,521.0,523.0,521.0,521.0,521.0,521.0,523.0,523.0,528.0,535.0,541.0,549.0,555
Bashir Humphreys,549.0,551.0,549.0,549.0,549.0,549.0,551.0,551.0,556.0,563.0,569.0,578.0,584
Marc Jurado Gomez,558.0,560.0,558.0,558.0,558.0,558.0,560.0,560.0,565.0,572.0,578.0,588.0,596
Willy Kambwala,559.0,561.0,559.0,559.0,559.0,559.0,561.0,561.0,566.0,573.0,579.0,589.0,597
Terence Kongolo,567.0,569.0,567.0,567.0,567.0,567.0,569.0,569.0,574.0,581.0,587.0,597.0,605
Jamal Lowe,575.0,578.0,575.0,575.0,575.0,575.0,578.0,578.0,583.0,590.0,596.0,606.0,614
Han-Noah Massengo,585.0,588.0,585.0,585.0,585.0,585.0,588.0,588.0,593.0,600.0,606.0,616.0,623
Jose Mateo Mejia Piedrahita,598.0,600.0,598.0,598.0,598.0,598.0,600.0,600.0,605.0,612.0,617.0,626.0,633
Michael Ndiweni,610.0,613.0,610.0,610.0,610.0,610.0,613.0,613.0,618.0,625.0,630.0,638.0,642
Idris Odutayo,618.0,621.0,618.0,618.0,618.0,618.0,621.0,621.0,626.0,633.0,639.0,648.0,652
Gabriel Osho,629.0,631.0,629.0,629.0,629.0,629.0,631.0,631.0,635.0,642.0,414.0,388.0,355
Maximillian Oyedele,630.0,632.0,630.0,630.0,630.0,630.0,632.0,632.0,636.0,643.0,648.0,656.0,660
Ben Parkinson,633.0,635.0,633.0,633.0,633.0,633.0,635.0,635.0,638.0,645.0,650.0,658.0,662
Travis Patterson,635.0,637.0,635.0,635.0,635.0,635.0,637.0,637.0,640.0,647.0,652.0,660.0,664
Josh Powell,648.0,650.0,648.0,648.0,648.0,648.0,650.0,650.0,653.0,660.0,665.0,673.0,677
Glen Rea,652.0,655.0,652.0,652.0,652.0,652.0,655.0,655.0,658.0,664.0,669.0,677.0,681
Reuell Walters,692.0,694.0,692.0,692.0,692.0,692.0,694.0,694.0,696.0,703.0,706.0,714.0,718
Louie Watson,693.0,695.0,693.0,693.0,693.0,693.0,695.0,695.0,697.0,704.0,707.0,715.0,719
Jack Wells-Morrison,695.0,697.0,695.0,695.0,695.0,695.0,697.0,697.0,699.0,706.0,709.0,717.0,721
Brandon Aguilera,398.0,403.0,398.0,398.0,398.0,398.0,403.0,403.0,410.0,417.0,425.0,432.0,440
Emilio Ballard-Matthews,416.0,421.0,416.0,416.0,416.0,416.0,421.0,421.0,428.0,435.0,443.0,451.0,458
Ethan Brierley,436.0,441.0,436.0,436.0,436.0,436.0,441.0,441.0,448.0,455.0,462.0,470.0,476
Josh Brooking,438.0,442.0,438.0,438.0,438.0,438.0,442.0,442.0,449.0,456.0,463.0,471.0,477
Nathan Carlyon,448.0,452.0,448.0,448.0,448.0,448.0,452.0,452.0,459.0,466.0,473.0,481.0,487
Kaelan Casey,450.0,454.0,450.0,450.0,450.0,450.0,454.0,454.0,461.0,468.0,475.0,483.0,489
Aidan Francis-Clarke,505.0,507.0,505.0,505.0,505.0,505.0,507.0,507.0,512.0,519.0,525.0,534.0,540
Sean Grehan,526.0,528.0,526.0,526.0,526.0,526.0,528.0,528.0,533.0,540.0,546.0,555.0,561
Harvey Griffiths,527.0,529.0,527.0,527.0,527.0,527.0,529.0,529.0,534.0,541.0,547.0,556.0,562
Mackenzie Hunt,550.0,552.0,550.0,550.0,550.0,550.0,552.0,552.0,557.0,564.0,570.0,579.0,585
Joseph Johnson,557.0,559.0,557.0,557.0,557.0,557.0,559.0,559.0,564.0,571.0,577.0,587.0,595
Louie Marsh,583.0,586.0,583.0,583.0,583.0,583.0,586.0,586.0,591.0,598.0,604.0,614.0,621
Jamie Miley,600.0,602.0,600.0,600.0,600.0,600.0,602.0,602.0,607.0,614.0,619.0,628.0,635
Tommi O'Reilly,616.0,619.0,616.0,616.0,616.0,616.0,619.0,619.0,624.0,631.0,637.0,647.0,651
Jonathan Panzo,632.0,634.0,632.0,632.0,632.0,632.0,634.0,634.0,637.0,644.0,649.0,657.0,661
Aribim Pepple,638.0,640.0,638.0,638.0,638.0,638.0,640.0,640.0,643.0,650.0,655.0,663.0,667
Dion Pereira,639.0,641.0,639.0,639.0,639.0,639.0,641.0,641.0,644.0,651.0,656.0,664.0,668
Jadan Raymond,754.0,654.0,751.0,738.0,737.0,758.0,654.0,654.0,657.0,663.0,668.0,676.0,680
Ishe Samuels-Smith,660.0,663.0,660.0,660.0,660.0,660.0,663.0,663.0,666.0,672.0,676.0,684.0,688
Callum Scanlon,754.0,752.0,751.0,738.0,737.0,758.0,757.0,739.0,670.0,676.0,680.0,688.0,692
Lino Sousa,673.0,676.0,673.0,673.0,673.0,673.0,676.0,676.0,679.0,685.0,689.0,697.0,701
Jay Turner-Cooke,687.0,689.0,687.0,687.0,687.0,687.0,689.0,689.0,691.0,698.0,702.0,710.0,714
Jensen Weir,694.0,696.0,694.0,694.0,694.0,694.0,696.0,696.0,698.0,705.0,708.0,716.0,720
Andi Zeqiri,704.0,706.0,704.0,704.0,704.0,704.0,706.0,706.0,707.0,713.0,716.0,724.0,728
Valintino Adedokun,397.0,402.0,397.0,397.0,397.0,397.0,402.0,402.0,409.0,416.0,424.0,431.0,439
Sonny Aljofree,401.0,406.0,401.0,401.0,401.0,401.0,406.0,406.0,413.0,420.0,428.0,435.0,443
Samuel Bastien,420.0,425.0,420.0,420.0,420.0,420.0,425.0,425.0,432.0,439.0,447.0,455.0,461
Jake Burger,441.0,445.0,441.0,441.0,441.0,441.0,445.0,445.0,452.0,459.0,466.0,474.0,480
Jili Buyabu,443.0,447.0,443.0,443.0,443.0,443.0,447.0,447.0,454.0,461.0,468.0,476.0,482
Nathan Fraser,507.0,509.0,507.0,507.0,507.0,507.0,509.0,509.0,514.0,521.0,527.0,536.0,542
Ben Greenwood,524.0,526.0,524.0,524.0,524.0,524.0,526.0,526.0,531.0,538.0,544.0,553.0,559
Jordan Hackett-Valton,530.0,532.0,530.0,530.0,530.0,530.0,532.0,532.0,537.0,544.0,550.0,559.0,565
Micah Hamilton,532.0,534.0,532.0,532.0,532.0,532.0,534.0,534.0,539.0,546.0,552.0,561.0,567
James Huntley,551.0,553.0,551.0,551.0,551.0,551.0,553.0,553.0,558.0,565.0,571.0,580.0,586
Gavin Kilkenny,563.0,565.0,563.0,563.0,563.0,563.0,565.0,565.0,570.0,577.0,583.0,593.0,601
Jayden Luker,577.0,580.0,577.0,577.0,577.0,577.0,580.0,580.0,585.0,592.0,598.0,608.0,616
Charlie McArthur,591.0,593.0,591.0,591.0,591.0,591.0,593.0,593.0,598.0,605.0,610.0,620.0,627
Alex Murphy,607.0,610.0,607.0,607.0,607.0,607.0,610.0,610.0,615.0,622.0,627.0,635.0,427
Ademola Ola-Adebomi,620.0,623.0,620.0,620.0,620.0,620.0,623.0,623.0,628.0,635.0,641.0,650.0,654
Ryan One,754.0,752.0,751.0,738.0,737.0,758.0,757.0,739.0,633.0,640.0,646.0,654.0,658
Alfie Pond,646.0,648.0,646.0,646.0,646.0,646.0,648.0,648.0,651.0,658.0,663.0,671.0,675
Logan Pye,649.0,651.0,649.0,649.0,649.0,649.0,651.0,651.0,654.0,661.0,666.0,674.0,678
Remi Savage,663.0,666.0,663.0,663.0,663.0,663.0,666.0,666.0,669.0,675.0,679.0,687.0,691
Femi Seriki,666.0,669.0,666.0,666.0,666.0,666.0,669.0,669.0,672.0,678.0,682.0,690.0,694
William Saliba,98.0,92.0,98.0,98.0,98.0,98.0,92.0,107.0,112.0,98.0,118.0,97.0,82
Elliot Anderson,110.0,114.0,110.0,110.0,110.0,110.0,114.0,113.0,133.0,144.0,175.0,192.0,203
Alex Scott,665.0,668.0,665.0,665.0,665.0,665.0,668.0,668.0,716.0,338.0,337.0,342.0,351
Calvin Bassey,730.0,732.0,730.0,730.0,730.0,730.0,732.0,731.0,733.0,734.0,374.0,365.0,397
Alejo Veliz,724.0,725.0,724.0,724.0,724.0,724.0,725.0,724.0,726.0,730.0,732.0,740.0,741
Reece James,305.0,322.0,305.0,305.0,305.0,305.0,322.0,322.0,337.0,331.0,298.0,261.0,280
Milos Kerkez,247.0,282.0,247.0,247.0,247.0,247.0,282.0,282.0,301.0,302.0,378.0,387.0,360
Hannes Delcroix,354.0,713.0,354.0,354.0,354.0,354.0,713.0,713.0,718.0,722.0,725.0,733.0,736
Anthony Martial,253.0,262.0,253.0,253.0,253.0,253.0,262.0,263.0,281.0,289.0,307.0,316.0,240
Lloyd Kelly,243.0,266.0,243.0,243.0,243.0,243.0,266.0,267.0,285.0,265.0,333.0,302.0,273
Joel Ward,154.0,178.0,154.0,154.0,154.0,154.0,178.0,176.0,207.0,234.0,209.0,200.0,168
Illia Zabarnyi,213.0,201.0,213.0,213.0,213.0,213.0,201.0,202.0,227.0,216.0,273.0,244.0,232
Vladimir Coufal,32.0,40.0,32.0,32.0,32.0,32.0,40.0,39.0,52.0,60.0,64.0,71.0,72
Malo Gusto,124.0,146.0,124.0,124.0,124.0,124.0,146.0,144.0,174.0,180.0,213.0,237.0,247
Neco Williams,279.0,301.0,279.0,279.0,279.0,279.0,301.0,300.0,320.0,327.0,320.0,327.0,314
Ola Aina,293.0,308.0,293.0,293.0,293.0,293.0,308.0,307.0,326.0,333.0,231.0,207.0,225
Oleksandr Zinchenko,158.0,134.0,158.0,158.0,158.0,158.0,134.0,167.0,164.0,139.0,142.0,92.0,75
Nathan Patterson,218.0,243.0,218.0,218.0,218.0,218.0,243.0,243.0,268.0,273.0,225.0,234.0,249
Marcos Senesi,285.0,312.0,285.0,285.0,285.0,285.0,312.0,311.0,334.0,340.0,380.0,329.0,287
Luke Thomas,722.0,723.0,722.0,722.0,722.0,722.0,723.0,723.0,731.0,737.0,738.0,745.0,746
Ameen Al Dakhil,726.0,733.0,726.0,726.0,726.0,726.0,733.0,732.0,736.0,738.0,741.0,748.0,749
Charlie Taylor,341.0,338.0,341.0,341.0,341.0,341.0,338.0,338.0,371.0,314.0,317.0,303.0,305
Max Aarons,292.0,307.0,292.0,292.0,292.0,292.0,307.0,306.0,335.0,310.0,324.0,277.0,289
Marc Guehi,99.0,77.0,99.0,99.0,99.0,99.0,77.0,76.0,100.0,101.0,101.0,105.0,120
Ashley Young,245.0,218.0,245.0,245.0,245.0,245.0,218.0,217.0,245.0,250.0,290.0,289.0,288
Lewis Cook,149.0,148.0,149.0,149.0,149.0,149.0,148.0,146.0,188.0,192.0,216.0,187.0,162
Kurt Zouma,89.0,98.0,89.0,89.0,89.0,89.0,98.0,95.0,123.0,134.0,139.0,153.0,164
Joe Worrall,224.0,246.0,224.0,224.0,224.0,224.0,246.0,246.0,278.0,285.0,300.0,313.0,325
Igor Julio dos Santos de Paulo,711.0,380.0,711.0,711.0,711.0,711.0,380.0,379.0,717.0,721.0,407.0,367.0,379
Tyrick Mitchell,121.0,85.0,121.0,121.0,121.0,121.0,85.0,85.0,116.0,118.0,85.0,100.0,112
Joachim Andersen,9.0,7.0,9.0,9.0,9.0,9.0,7.0,7.0,13.0,12.0,13.0,15.0,17
Nayef Aguerd,105.0,137.0,105.0,105.0,105.0,105.0,137.0,134.0,191.0,196.0,177.0,179.0,185
Manuel Akanji,106.0,125.0,106.0,106.0,106.0,106.0,125.0,124.0,179.0,184.0,162.0,145.0,150
Emerson,119.0,115.0,119.0,119.0,119.0,119.0,115.0,114.0,167.0,175.0,197.0,204.0,200
Connor Roberts,731.0,719.0,731.0,731.0,731.0,731.0,719.0,719.0,735.0,736.0,740.0,747.0,748
Kaide Gordon,754.0,752.0,751.0,750.0,750.0,758.0,757.0,750.0,750.0,756.0,755.0,550.0,556
Bradley Ibrahim,754.0,752.0,751.0,750.0,750.0,758.0,757.0,750.0,750.0,756.0,755.0,582.0,588
Benicio Baker-Boaitey,754.0,752.0,751.0,750.0,750.0,758.0,757.0,750.0,750.0,756.0,755.0,449.0,456
Leo Castledine,754.0,752.0,751.0,750.0,750.0,758.0,757.0,750.0,750.0,756.0,477.0,485.0,491
Lucas De Bolle,754.0,752.0,751.0,750.0,750.0,758.0,757.0,750.0,750.0,756.0,755.0,506.0,512
Alfie Dorrington,754.0,752.0,751.0,750.0,750.0,758.0,757.0,750.0,750.0,756.0,755.0,515.0,521
Treymaurice Nyoni,754.0,752.0,751.0,750.0,750.0,758.0,757.0,750.0,750.0,756.0,755.0,644.0,648
Joshua Duffus,754.0,752.0,751.0,750.0,750.0,758.0,757.0,750.0,750.0,504.0,510.0,519.0,525
Ben Jackson,754.0,752.0,751.0,750.0,750.0,758.0,757.0,750.0,750.0,756.0,755.0,753.0,591
Zack Nelson,754.0,752.0,751.0,750.0,750.0,758.0,757.0,750.0,750.0,756.0,632.0,640.0,644
Mark O'Mahony,754.0,752.0,751.0,750.0,750.0,758.0,757.0,750.0,750.0,756.0,755.0,646.0,650
Devan Tanton,754.0,752.0,751.0,750.0,750.0,758.0,757.0,750.0,750.0,756.0,696.0,704.0,708
