,team,position,player (nunique),fpts (mean),g (mean),kp (mean),at (mean),sot (mean),tkw (mean),dis (mean),yc (mean),rc (mean),acnc (mean),int (mean),clr (mean),cos (mean),bs (mean),aer (mean),pkm (mean),pkd (mean),og (mean),gao (mean),cs (sum),pts (mean),dpt (mean),off (mean),pkg (mean),ghost points (mean),negative fpts (mean),home (sum),gp (max)
161,WHU,RW,1,79.5,4.0,4.0,1.0,6.0,6.0,6.0,1.0,0.0,0.0,3.0,4.0,9.0,0.0,9.0,0.0,0.0,0.0,6.0,0,5.0,5.0,4.0,0.0,37.5,-5.0,0,4
107,MCI,FW,1,75.0,4.0,7.0,0.0,12.0,0.0,3.0,0.0,0.0,0.0,0.0,2.0,3.0,0.0,7.0,1.0,0.0,0.0,5.0,1,4.0,1.0,1.0,0.0,39.0,-5.5,0,5
7,ARS,RM,1,62.0,2.0,7.0,2.0,5.0,1.0,6.0,0.0,0.0,3.0,0.0,0.0,2.0,0.0,0.0,0.0,1.0,0.0,0.0,3,3.0,0.0,1.0,2.0,29.0,-3.0,0,3
41,BRF,LM,1,62.0,1.0,11.0,1.0,2.0,7.0,4.0,0.0,0.0,4.0,6.0,7.0,3.0,1.0,0.0,0.0,0.0,0.0,2.0,2,2.0,4.0,0.0,0.0,45.0,-2.0,0,4
145,TOT,AM,2,54.0,1.0,8.0,2.5,4.0,1.0,4.5,0.5,0.0,1.5,1.5,1.0,4.0,0.0,0.5,0.0,0.0,0.0,2.5,2,3.5,5.0,0.0,0.0,29.0,-3.25,0,5
90,LIV,FW,3,50.17,2.0,5.33,1.67,3.67,1.67,5.0,0.67,0.0,0.67,1.0,1.0,3.67,0.33,1.33,0.0,0.0,0.0,4.0,0,3.67,5.67,0.67,0.33,22.17,-3.83,0,5
9,AVL,AM,1,50.0,2.0,7.0,1.0,4.0,1.0,8.0,0.0,0.0,2.0,1.0,1.0,4.0,0.0,0.0,0.0,0.0,0.0,9.0,1,3.0,0.0,1.0,0.0,26.0,-4.0,0,5
45,BRF,RW,1,48.0,2.0,7.0,0.0,3.0,2.0,4.0,0.0,0.0,2.0,2.0,0.0,3.0,0.0,6.0,0.0,0.0,0.0,4.0,1,2.0,1.0,0.0,1.0,30.0,-2.0,0,4
152,TOT,RW,1,48.0,1.0,10.0,0.0,2.0,5.0,14.0,1.0,0.0,2.0,6.0,0.0,9.0,0.0,0.0,0.0,0.0,0.0,5.0,2,1.0,10.0,2.0,0.0,37.0,-9.0,0,5
169,WOL,RM,2,47.0,0.5,8.5,1.5,3.0,1.0,3.5,0.5,0.0,6.5,0.5,0.5,4.0,0.5,0.5,0.0,0.0,0.0,3.0,2,2.0,3.5,1.0,0.0,33.0,-2.75,0,4
158,WHU,LB,1,46.75,2.0,6.0,1.0,2.0,11.0,2.0,5.0,0.0,2.0,10.0,27.0,5.0,2.0,10.0,0.0,0.0,0.0,16.0,0,3.0,28.0,0.0,0.0,19.75,-43.0,0,12
138,NOT,RM,1,46.0,0.0,8.0,2.0,0.0,5.0,6.0,2.0,0.0,2.0,6.0,1.0,7.0,1.0,4.0,0.0,0.0,0.0,7.0,2,1.0,9.0,0.0,0.0,32.0,-7.0,0,5
112,MCI,RW,3,42.83,0.33,9.67,1.67,2.67,2.0,4.0,0.33,0.0,1.33,0.67,1.67,3.0,0.0,1.0,0.0,0.0,0.0,3.0,3,1.67,3.33,0.0,0.0,29.5,-2.67,0,5
91,LIV,LB,1,42.75,1.0,10.0,0.0,2.0,8.0,1.0,1.0,0.0,4.0,6.0,13.0,1.0,2.0,1.0,0.0,0.0,0.0,7.0,0,1.0,6.0,0.0,0.0,32.75,-16.5,0,5
73,CRY,RW,1,42.5,0.0,6.0,2.0,2.0,3.0,15.0,0.0,0.0,1.0,4.0,0.0,11.0,0.0,6.0,0.0,0.0,0.0,1.0,2,2.0,5.0,2.0,0.0,30.5,-7.5,0,4
123,NEW,FW,2,38.75,2.5,0.5,0.0,4.5,0.0,1.5,0.0,0.0,0.0,0.0,0.5,6.5,0.0,1.0,0.0,0.0,0.0,4.0,1,2.5,3.0,0.5,0.0,16.25,-0.75,0,4
127,NEW,RB,2,38.0,0.0,6.0,2.0,0.0,2.5,1.0,0.0,0.0,4.0,1.5,2.0,1.5,2.5,3.0,0.0,0.0,0.0,3.0,1,2.0,2.5,0.5,0.0,21.0,-6.5,0,4
24,BHA,LM,1,36.0,1.0,6.0,1.0,2.0,1.0,2.0,1.0,0.0,1.0,2.0,2.0,4.0,0.0,0.0,0.0,0.0,0.0,8.0,0,2.0,6.0,2.0,0.0,21.0,-3.0,0,3
136,NOT,LW,1,35.5,1.0,3.0,1.0,5.0,0.0,1.0,0.0,0.0,0.0,1.0,1.0,4.0,0.0,0.0,0.0,0.0,0.0,0.0,0,2.0,0.0,4.0,0.0,20.5,-0.5,0,5
146,TOT,CB,3,33.92,1.0,0.33,0.0,1.0,4.67,0.33,0.67,0.0,0.0,3.33,16.33,1.33,2.67,8.33,0.0,0.0,0.33,4.0,4,1.0,4.0,0.0,0.0,15.92,-11.17,0,5
151,TOT,RB,1,33.75,0.0,2.0,1.0,0.0,7.0,2.0,0.0,0.0,0.0,4.0,11.0,2.0,2.0,2.0,0.0,0.0,0.0,4.0,2,1.0,3.0,0.0,0.0,14.75,-9.0,0,4
150,TOT,LW,4,33.62,1.25,4.25,0.5,2.25,1.5,1.75,0.25,0.0,0.75,1.5,0.5,3.25,0.25,1.0,0.0,0.0,0.0,3.25,2,1.75,1.75,0.5,0.0,19.38,-1.38,0,5
122,NEW,CM,1,33.0,1.0,5.0,1.0,1.0,5.0,4.0,2.0,0.0,0.0,2.0,2.0,3.0,0.0,2.0,0.0,0.0,0.0,6.0,1,2.0,12.0,0.0,0.0,17.0,-6.0,0,4
6,ARS,RB,2,32.88,0.5,1.0,0.0,1.5,4.0,1.0,0.0,0.0,2.0,1.5,5.0,1.0,1.5,3.0,0.0,0.0,0.0,0.0,4,0.5,1.0,0.0,0.0,18.38,-0.5,0,3
67,CRY,CM,1,31.5,0.0,4.0,0.0,1.0,4.0,5.0,0.0,0.0,0.0,10.0,4.0,5.0,2.0,2.0,0.0,0.0,0.0,3.0,2,0.0,4.0,0.0,0.0,29.5,-2.5,0,4
95,LIV,RM,2,30.0,0.0,6.5,1.0,1.0,3.5,2.0,1.0,0.0,1.5,2.0,3.5,3.0,0.5,1.0,0.0,0.5,0.0,4.0,0,0.0,6.5,0.5,0.0,24.0,-3.0,0,5
66,CRY,CB,4,29.75,0.5,2.25,0.0,1.0,1.75,0.0,0.0,0.0,0.75,2.0,13.0,1.25,2.5,4.75,0.0,0.0,0.0,2.0,4,0.5,1.5,0.0,0.0,18.75,-4.0,0,4
159,WHU,LW,1,29.0,0.0,6.0,1.0,2.0,1.0,2.0,0.0,0.0,0.0,1.0,1.0,5.0,0.0,0.0,0.0,0.0,0.0,2.0,1,1.0,2.0,0.0,0.0,22.0,-1.0,0,3
12,AVL,DM,2,28.75,0.0,6.5,0.0,0.5,8.0,3.5,2.0,0.0,1.0,4.0,3.0,4.0,1.0,3.0,0.0,0.0,0.0,10.0,2,0.0,12.5,0.0,0.0,27.75,-5.75,0,5
160,WHU,RB,1,28.75,0.0,5.0,1.0,0.0,8.0,1.0,0.0,0.0,2.0,5.0,13.0,0.0,1.0,5.0,0.0,0.0,0.0,6.0,0,1.0,1.0,0.0,0.0,21.75,-12.5,0,4
111,MCI,RB,1,28.5,0.0,7.0,0.0,1.0,4.0,2.0,1.0,0.0,4.0,3.0,6.0,3.0,0.0,4.0,0.0,0.0,0.0,5.0,1,0.0,7.0,0.0,0.0,22.5,-13.0,0,5
60,CHE,LM,1,27.0,0.0,5.0,0.0,4.0,5.0,4.0,1.0,0.0,1.0,4.0,4.0,3.0,1.0,2.0,1.0,0.0,0.0,4.0,2,0.0,6.0,0.0,0.0,25.0,-8.0,0,4
2,ARS,FW,1,26.5,0.0,2.0,2.0,0.0,0.0,4.0,0.0,0.0,0.0,1.0,1.0,6.0,0.0,3.0,0.0,2.0,0.0,0.0,3,0.0,5.0,2.0,0.0,14.5,-2.0,0,3
72,CRY,RB,1,26.5,0.0,0.0,0.0,0.0,6.0,1.0,2.0,0.0,0.0,3.0,12.0,1.0,2.0,12.0,0.0,0.0,0.0,4.0,2,0.0,12.0,0.0,0.0,14.5,-12.5,0,4
113,MUN,AM,2,26.25,0.5,6.0,0.0,2.0,2.0,1.0,0.5,0.0,0.5,2.0,3.0,0.5,0.5,1.5,0.0,0.0,0.0,2.5,2,0.5,2.5,1.5,0.0,20.75,-1.5,0,3
56,CHE,CM,2,25.5,0.0,2.5,0.5,1.0,5.0,2.5,0.5,0.0,0.5,4.0,1.5,3.0,2.0,3.5,0.0,0.0,0.0,2.5,3,0.5,8.5,0.0,0.0,21.0,-2.25,0,4
71,CRY,LW,3,25.5,0.0,5.0,0.33,1.33,2.33,4.67,0.33,0.0,1.33,0.67,1.67,6.67,0.33,2.33,0.0,0.0,0.0,2.67,4,0.0,4.0,0.0,0.0,22.17,-3.0,0,4
83,FUL,LB,1,25.25,0.0,3.0,0.0,0.0,5.0,3.0,1.0,0.0,2.0,5.0,11.0,2.0,0.0,8.0,0.0,0.0,0.0,7.0,2,0.0,7.0,0.0,0.0,13.25,-17.5,0,4
37,BRF,CB,3,25.17,0.0,1.0,0.0,0.33,1.67,0.67,0.67,0.0,0.0,5.33,18.0,1.67,2.33,10.67,0.0,0.0,0.0,3.0,2,0.0,3.33,0.0,0.0,21.17,-7.67,0,4
155,WHU,CM,2,25.0,0.5,2.5,0.5,1.5,3.0,1.5,0.5,0.0,1.0,4.0,2.0,2.0,0.5,1.5,0.0,0.0,0.0,4.0,0,1.0,3.0,0.0,0.0,17.5,-1.75,0,4
109,MCI,LM,2,24.75,0.5,4.0,1.0,2.0,3.5,4.5,1.5,0.0,0.5,1.0,0.5,1.0,0.0,0.0,0.0,0.0,0.0,1.5,3,1.0,8.0,0.5,0.5,12.75,-5.25,0,4
101,LUT,LM,1,24.5,0.0,6.0,1.0,0.0,2.0,0.0,0.0,0.0,1.0,2.0,5.0,0.0,0.0,3.0,0.0,0.0,0.0,5.0,0,1.0,4.0,1.0,0.0,18.5,0.0,0,4
133,NOT,FW,2,24.0,1.0,3.5,0.5,1.0,1.0,4.5,0.5,0.0,0.0,0.5,2.5,2.0,0.0,5.5,0.0,0.0,0.0,2.5,2,1.5,4.5,1.0,0.0,12.0,-3.25,0,5
17,AVL,WB,3,23.58,0.67,3.67,0.33,3.0,3.0,1.33,1.0,0.0,1.33,5.67,5.0,1.0,0.33,1.67,0.0,0.0,0.33,6.33,2,1.0,8.0,0.0,0.0,10.58,-17.0,0,5
149,TOT,LB,2,23.25,0.0,1.5,1.0,0.0,6.0,2.5,0.5,0.0,0.0,2.5,8.0,1.5,1.0,2.5,0.0,0.0,0.0,3.0,2,1.0,7.0,0.0,0.0,10.25,-8.25,0,5
70,CRY,LB,1,23.0,0.0,0.0,0.0,0.0,2.0,0.0,0.0,0.0,2.0,4.0,12.0,3.0,3.0,2.0,0.0,0.0,0.0,4.0,2,0.0,2.0,0.0,0.0,11.0,-8.0,0,4
61,CHE,LW,1,23.0,1.0,4.0,0.0,1.0,2.0,2.0,1.0,0.0,2.0,0.0,2.0,2.0,0.0,0.0,0.0,0.0,0.0,2.0,1,1.0,5.0,0.0,0.0,13.0,-3.0,0,4
65,CRY,AM,2,22.75,1.0,2.0,0.0,2.5,1.5,2.0,0.0,0.0,0.0,1.0,1.0,2.0,0.0,2.5,0.0,0.0,0.0,2.0,1,1.0,1.0,1.0,0.0,13.75,-1.0,0,3
156,WHU,DM,4,22.5,0.0,2.25,0.5,0.75,6.75,1.75,1.0,0.0,0.25,2.5,8.5,2.25,2.0,5.5,0.0,0.0,0.0,3.5,1,0.5,8.75,0.25,0.0,19.25,-3.38,0,4
99,LUT,FW,2,22.5,1.0,2.0,0.0,1.5,0.5,5.0,0.0,0.0,0.0,0.5,4.0,1.5,0.0,13.0,0.0,0.0,0.0,6.0,0,1.0,5.0,1.5,0.5,13.5,-2.5,0,4
106,MCI,DM,3,22.33,0.67,2.33,0.33,2.33,2.0,0.67,0.33,0.0,1.0,0.67,0.33,1.33,0.0,1.33,0.0,0.0,0.0,1.0,1,1.0,3.33,0.67,0.0,14.0,-1.0,0,3
110,MCI,LW,3,22.17,0.33,4.67,0.33,1.0,1.0,1.0,0.33,0.0,0.67,1.33,0.33,3.67,0.0,0.67,0.0,0.0,0.0,1.67,0,0.67,2.0,0.0,0.0,17.17,-1.17,0,3
8,ARS,RW,2,22.0,0.5,2.0,0.5,1.0,1.5,2.0,0.0,0.0,1.5,1.5,2.0,2.5,0.0,1.0,0.0,0.0,0.0,0.0,4,1.0,3.5,0.0,0.0,12.5,-1.0,0,3
31,BOU,FW,2,22.0,1.0,2.5,0.5,3.0,0.0,7.0,0.5,0.0,0.5,0.0,3.5,1.5,0.5,2.0,0.0,0.0,0.0,5.5,0,1.5,4.5,0.5,0.0,10.0,-4.5,0,4
76,EVE,FW,4,21.75,1.0,1.75,0.0,2.25,0.75,3.0,0.25,0.0,0.0,0.5,1.5,3.25,0.25,4.0,0.0,0.0,0.0,4.0,0,1.0,4.25,0.5,0.0,12.75,-2.0,0,3
27,BOU,AM,1,21.5,0.0,3.0,0.0,0.0,7.0,6.0,0.0,0.0,1.0,3.0,9.0,2.0,2.0,7.0,0.0,0.0,0.0,11.0,0,0.0,3.0,0.0,0.0,21.5,-3.0,0,4
163,WOL,CB,3,21.08,0.0,1.33,0.0,0.67,2.0,0.67,0.33,0.0,0.0,2.0,12.33,0.67,4.0,9.67,0.0,0.0,0.0,3.67,2,0.0,2.67,0.0,0.0,17.08,-8.33,0,4
58,CHE,FW,4,21.0,0.75,1.75,0.5,1.25,1.25,2.75,1.0,0.0,0.5,0.25,0.75,4.75,0.25,1.25,0.0,0.5,0.0,2.25,3,0.75,4.5,1.75,0.0,11.25,-3.38,0,4
93,LIV,LW,2,20.5,0.5,2.5,0.5,1.5,4.5,5.0,0.5,0.5,0.0,0.0,1.0,6.0,0.5,2.0,0.0,0.0,0.0,3.5,0,0.5,11.5,1.5,0.0,13.0,-7.0,0,5
131,NOT,CB,6,20.33,0.17,1.17,0.0,1.17,3.33,0.67,0.17,0.17,0.0,2.33,12.83,0.83,2.83,6.67,0.0,0.0,0.0,4.17,6,0.17,4.33,0.17,0.0,13.5,-10.17,0,5
15,AVL,LW,2,20.25,0.0,4.5,0.0,1.0,1.5,3.0,0.5,0.0,2.0,2.0,1.5,5.0,0.0,0.5,0.0,0.0,0.0,4.0,2,0.0,8.5,0.0,0.0,19.25,-2.5,0,5
26,BHA,RW,3,20.17,0.67,0.67,0.33,2.0,2.67,2.0,0.0,0.0,1.0,2.0,1.67,1.33,0.33,1.0,0.0,0.0,0.0,3.67,0,1.0,3.67,2.67,0.0,12.17,-1.0,0,3
125,NEW,LM,2,20.0,0.0,4.0,0.5,0.5,2.5,3.0,0.5,0.0,0.5,2.0,0.5,2.5,2.0,1.0,0.0,0.0,0.0,3.0,1,0.5,5.0,0.0,0.0,16.5,-2.5,0,4
59,CHE,LB,2,19.88,0.0,1.5,0.5,1.0,3.5,1.0,0.5,0.0,1.0,1.5,3.5,1.5,1.0,3.5,0.0,0.0,0.0,3.0,2,0.5,5.0,0.5,0.0,10.38,-7.5,0,4
128,NEW,RM,2,19.75,0.5,3.5,1.0,0.5,2.0,3.5,1.0,0.0,1.0,0.5,2.0,1.0,0.0,0.0,0.0,0.0,0.0,4.0,1,1.0,7.0,0.5,0.0,8.75,-3.75,0,4
105,MCI,CM,2,19.5,0.5,4.0,0.5,0.5,1.5,2.0,0.5,0.0,2.0,0.0,0.0,1.0,1.0,0.0,0.0,0.0,0.0,2.0,1,1.0,2.5,0.0,0.0,11.5,-3.0,0,4
39,BRF,FW,3,19.33,0.33,1.0,0.67,2.67,1.0,1.67,0.67,0.0,0.33,1.0,1.67,2.33,0.33,3.0,0.0,0.33,0.0,2.0,2,0.67,5.0,0.67,0.0,12.33,-2.17,0,4
18,BHA,AM,4,19.0,0.5,2.75,0.75,1.0,1.25,2.25,0.75,0.0,0.0,0.75,1.5,2.75,0.0,0.25,0.0,0.0,0.0,2.25,2,1.25,3.25,1.0,0.0,9.75,-2.62,0,3
55,CHE,CB,2,18.62,0.0,0.0,0.0,0.0,1.0,1.0,1.5,0.0,0.0,1.0,14.5,1.0,3.5,8.0,0.0,0.0,0.0,4.0,4,0.0,8.0,0.5,0.0,6.62,-11.5,0,4
103,LUT,WB,1,18.5,0.0,4.0,0.0,0.0,4.0,1.0,2.0,0.0,5.0,5.0,8.0,4.0,2.0,3.0,0.0,0.0,0.0,5.0,0,0.0,12.0,0.0,0.0,18.5,-14.5,0,4
167,WOL,LM,2,18.5,0.5,1.0,0.0,0.5,1.5,2.0,0.0,0.0,1.0,3.0,1.5,6.0,0.0,1.0,0.0,0.0,0.0,3.0,0,0.5,1.0,1.5,0.0,14.0,-1.0,0,4
168,WOL,RB,1,18.25,0.0,2.0,0.0,0.0,7.0,2.0,2.0,0.0,1.0,6.0,13.0,3.0,2.0,1.0,0.0,0.0,0.0,5.0,1,0.0,15.0,0.0,0.0,12.25,-15.0,0,4
102,LUT,RW,1,18.0,0.0,2.0,1.0,1.0,3.0,8.0,1.0,0.0,1.0,3.0,2.0,1.0,0.0,8.0,0.0,0.0,0.0,6.0,0,0.0,5.0,3.0,0.0,12.0,-6.0,0,4
13,AVL,FW,3,18.0,0.33,2.33,1.0,1.67,0.33,2.67,0.0,0.0,0.0,0.0,1.0,1.0,0.33,1.33,0.0,0.0,0.0,3.67,1,1.33,0.67,0.67,0.0,9.0,-1.33,0,5
0,ARS,CB,3,17.92,0.0,0.0,0.0,0.0,0.33,0.0,0.33,0.0,0.0,1.0,5.0,0.0,3.0,3.0,0.0,0.0,0.0,0.0,5,0.0,2.33,0.0,0.0,7.92,-0.67,0,3
140,SHU,AM,3,17.0,0.67,2.33,0.0,1.0,1.0,1.0,0.33,0.0,1.0,1.0,1.0,1.67,0.33,0.33,0.0,0.0,0.0,2.33,1,0.67,3.0,0.33,0.0,10.67,-1.17,0,4
85,FUL,LW,2,16.5,0.5,1.0,0.5,2.0,2.0,0.5,1.0,0.0,0.0,0.0,1.5,2.0,0.5,1.5,0.0,0.0,0.0,3.5,2,0.5,5.5,0.0,0.0,9.0,-2.25,0,4
147,TOT,DM,4,16.25,0.0,2.0,0.25,1.25,4.5,2.5,1.75,0.25,0.0,3.5,4.0,4.25,1.25,1.5,0.0,0.0,0.0,3.25,2,0.25,11.25,0.0,0.0,14.25,-6.5,0,5
154,WHU,CB,3,16.25,0.33,0.33,0.0,0.33,2.0,0.0,0.33,0.0,0.0,2.67,18.33,0.0,3.33,7.67,0.0,0.0,0.0,4.0,0,0.33,3.0,0.0,0.0,12.92,-8.67,0,4
126,NEW,LW,2,16.25,0.5,2.0,0.5,2.0,1.5,1.5,1.5,0.0,0.0,0.5,0.5,1.5,0.0,1.0,0.0,0.0,0.0,2.0,1,1.0,6.0,0.0,0.0,8.25,-3.75,0,3
81,FUL,CM,3,15.83,0.33,1.67,0.33,0.33,3.33,2.0,0.67,0.0,0.33,2.33,4.0,0.33,0.67,1.67,0.0,0.0,0.0,3.0,4,0.67,4.33,0.0,0.0,9.5,-2.33,0,4
108,MCI,LB,2,15.75,0.0,2.0,0.0,1.0,2.5,3.0,0.5,0.0,0.5,1.5,1.0,1.0,0.5,3.0,0.0,0.0,0.0,1.5,2,0.0,3.5,0.0,0.0,9.75,-5.5,0,4
79,EVE,RM,3,15.5,0.0,2.67,0.67,0.33,2.33,2.33,0.0,0.0,1.0,1.0,1.0,1.33,0.67,0.67,0.0,0.0,0.0,3.33,0,0.67,1.33,0.0,0.0,11.5,-1.17,0,3
22,BHA,FW,1,15.0,1.0,1.0,0.0,3.0,0.0,1.0,1.0,0.0,0.0,0.0,0.0,0.0,0.0,1.0,0.0,0.0,0.0,4.0,0,1.0,5.0,0.0,0.0,6.0,-2.5,0,2
49,BUR,FW,3,15.0,0.67,1.0,0.33,2.0,0.67,2.33,0.33,0.33,0.0,0.33,2.33,2.67,0.33,2.33,0.0,0.0,0.0,1.67,2,1.0,5.33,0.67,0.0,7.0,-4.17,0,3
34,BOU,LW,4,15.0,0.25,1.5,0.25,1.75,0.75,4.5,0.5,0.0,0.5,1.0,1.0,5.0,0.25,1.0,0.0,0.0,0.0,4.25,0,0.5,4.5,0.75,0.0,11.25,-3.25,0,3
48,BUR,DM,4,14.75,0.0,2.0,0.25,0.0,2.75,0.75,0.25,0.0,0.0,2.5,4.25,0.75,1.75,4.75,0.0,0.0,0.0,2.75,0,0.25,3.5,0.25,0.0,13.25,-0.88,0,3
3,ARS,LB,2,14.5,0.0,1.5,0.0,0.5,1.5,1.0,0.0,0.5,0.0,1.0,2.0,1.5,0.0,1.0,0.0,0.0,0.0,0.0,3,0.0,4.5,0.5,0.0,5.5,-4.0,0,3
121,NEW,CB,3,14.33,0.33,0.0,0.0,0.67,2.0,0.67,0.33,0.0,0.0,1.33,8.0,0.67,1.67,5.0,0.0,0.0,0.0,3.0,2,0.33,4.33,0.0,0.0,7.0,-7.0,0,4
157,WHU,FW,2,13.75,0.5,0.5,0.0,1.0,0.5,4.5,0.5,0.0,0.0,0.5,1.0,5.5,2.0,2.0,0.0,0.0,0.0,2.0,3,0.5,5.0,2.5,0.0,9.25,-3.25,0,4
36,BOU,RW,2,13.5,0.5,2.5,0.0,0.5,0.5,0.5,0.5,0.0,1.0,0.5,2.0,1.5,0.0,1.5,0.0,0.0,0.0,2.0,0,0.5,4.5,0.0,0.0,9.0,-1.25,0,4
100,LUT,LB,1,13.5,0.0,3.0,0.0,1.0,3.0,0.0,0.0,0.0,2.0,0.0,5.0,0.0,0.0,1.0,0.0,0.0,0.0,7.0,0,0.0,0.0,0.0,0.0,13.5,0.0,0,2
62,CHE,RB,2,13.38,0.0,0.5,0.0,0.0,4.0,0.0,1.0,0.0,0.5,2.5,5.5,1.5,0.5,1.0,0.0,0.0,0.0,1.5,2,0.0,5.5,0.0,0.0,7.38,-5.0,0,2
165,WOL,FW,4,13.25,0.5,1.25,0.0,1.25,1.0,3.75,0.0,0.0,0.0,1.0,0.5,2.5,0.25,1.75,0.0,0.0,0.0,2.25,2,0.5,2.75,0.5,0.0,8.75,-1.88,0,4
38,BRF,CM,5,13.2,0.2,2.2,0.0,0.4,3.0,0.4,0.8,0.0,0.2,2.2,2.2,0.4,0.2,2.4,0.0,0.0,0.0,2.0,4,0.2,6.2,0.4,0.0,10.6,-1.8,0,4
30,BOU,DM,3,13.0,0.0,1.67,0.33,1.0,1.0,3.0,0.0,0.0,0.0,1.67,1.67,3.0,1.0,1.0,0.0,0.0,0.0,5.67,0,0.33,2.0,0.0,0.0,11.0,-1.5,0,4
164,WOL,CM,3,12.83,0.0,1.33,0.33,0.33,5.0,2.67,2.0,0.0,0.33,3.33,4.33,2.0,0.0,3.0,0.0,0.0,0.0,3.0,2,0.0,10.67,0.0,0.0,10.17,-5.33,0,4
40,BRF,LB,2,12.75,0.0,2.0,0.0,0.0,3.5,1.5,0.5,0.0,2.5,1.5,4.0,1.0,0.0,1.0,0.0,0.0,0.0,1.5,1,0.0,2.0,1.0,0.0,9.75,-4.75,0,4
104,MCI,CB,4,12.75,0.0,1.0,0.0,1.5,2.75,0.25,0.0,0.0,0.25,2.5,4.5,0.25,1.5,3.75,0.0,0.0,0.25,3.0,2,0.0,1.5,0.0,0.0,9.75,-7.38,0,5
115,MUN,DM,4,12.5,0.0,1.5,0.25,0.75,2.5,0.75,0.0,0.0,0.25,1.25,1.5,0.0,1.5,1.75,0.0,0.0,0.0,2.75,2,0.25,2.5,0.25,0.0,10.5,-0.38,0,3
10,AVL,CB,4,12.19,0.25,1.25,0.0,1.0,3.0,0.0,0.0,0.0,0.0,2.5,8.75,2.25,1.75,3.0,0.0,0.0,0.0,6.25,2,0.25,2.0,0.25,0.0,6.69,-12.5,0,5
116,MUN,FW,3,12.0,0.33,2.33,0.0,1.0,0.33,2.67,0.0,0.0,0.0,0.0,1.67,1.67,0.33,2.67,0.0,0.0,0.0,2.67,2,0.33,1.0,0.67,0.0,9.0,-1.33,0,3
1,ARS,CM,2,11.75,0.0,1.5,0.0,0.0,1.5,0.0,0.0,0.0,0.0,2.5,1.5,1.5,1.5,0.5,0.0,0.0,0.0,0.0,3,0.0,0.5,0.0,0.0,10.25,0.0,0,3
23,BHA,LB,3,10.83,0.33,1.67,1.0,0.67,2.33,1.0,1.0,0.0,0.0,1.33,1.33,1.33,0.0,0.33,0.0,0.0,0.33,2.67,0,1.33,5.67,0.0,0.0,0.5,-9.5,0,2
5,ARS,LW,4,10.62,0.25,1.5,0.25,0.25,1.0,2.25,0.0,0.0,0.0,1.25,0.25,1.25,0.0,1.0,0.0,0.0,0.0,0.0,3,0.25,0.75,0.5,0.0,6.38,-1.12,0,2
68,CRY,DM,3,10.5,0.0,0.67,0.0,0.67,2.33,2.0,0.67,0.0,0.0,2.0,3.33,1.33,1.67,4.33,0.0,0.0,0.0,1.67,2,0.0,4.0,0.0,0.0,9.83,-2.33,0,2
142,SHU,CM,5,10.4,0.0,0.8,0.0,1.0,3.8,1.8,0.8,0.0,0.0,2.6,2.8,1.2,0.2,2.6,0.0,0.0,0.0,4.2,1,0.0,4.4,0.0,0.0,10.2,-2.5,0,4
88,LIV,CB,5,10.1,0.0,0.8,0.2,0.0,2.2,0.8,0.4,0.2,0.4,3.0,14.0,0.2,3.0,5.2,0.0,0.0,0.2,3.4,0,0.2,4.8,0.0,0.0,8.7,-10.4,0,4
141,SHU,CB,5,10.0,0.0,1.0,0.2,0.2,4.0,0.8,0.4,0.0,0.0,3.2,11.2,0.8,3.2,5.4,0.0,0.0,0.0,6.0,0,0.2,3.0,0.4,0.0,8.6,-13.2,0,4
21,BHA,DM,4,9.88,0.25,2.25,0.0,0.5,0.75,1.0,0.25,0.0,0.0,1.0,1.0,0.75,0.5,0.25,0.0,0.0,0.0,3.75,0,0.25,2.25,0.0,0.0,7.62,-1.0,0,3
74,EVE,CB,4,9.81,0.25,1.0,0.25,0.25,1.5,0.0,0.75,0.0,0.25,2.25,5.25,0.25,0.75,5.25,0.0,0.0,0.0,3.5,0,0.5,3.75,0.25,0.0,5.56,-8.5,0,3
89,LIV,CM,2,9.5,0.0,0.5,0.0,0.0,4.0,3.5,1.5,0.0,0.0,5.5,1.0,1.5,2.0,0.5,0.0,0.0,0.0,4.0,0,0.0,9.5,0.0,0.0,9.5,-4.75,0,5
80,FUL,CB,4,9.19,0.25,0.0,0.0,0.25,0.75,0.25,0.5,0.25,0.0,2.25,12.25,0.25,1.0,2.75,0.0,0.0,0.0,3.5,4,0.25,4.75,0.0,0.0,0.69,-9.88,0,4
129,NEW,RW,2,9.0,0.5,1.0,0.0,0.5,1.0,2.0,0.5,0.0,0.0,1.0,0.0,1.0,0.0,0.0,0.0,0.0,0.0,2.0,1,0.5,3.5,1.0,0.0,4.0,-2.0,0,4
86,FUL,RB,2,8.75,0.0,1.0,0.0,0.5,2.0,0.5,1.0,0.0,0.5,2.0,6.0,1.0,1.0,1.0,0.0,0.0,0.0,3.5,2,0.0,5.5,0.0,0.0,2.75,-9.25,0,3
69,CRY,FW,1,8.5,0.0,3.0,1.0,0.0,2.0,12.0,0.0,0.0,0.0,0.0,2.0,0.0,0.0,1.0,0.0,0.0,0.0,3.0,1,1.0,3.0,0.0,0.0,2.5,-6.0,0,3
84,FUL,LM,4,8.25,0.25,1.5,0.25,0.75,0.25,2.75,0.25,0.0,0.25,0.0,0.25,0.25,0.0,1.25,0.0,0.0,0.0,3.5,2,0.25,2.25,0.25,0.0,4.0,-1.88,0,4
166,WOL,LB,3,8.17,0.0,1.33,0.0,0.0,1.67,3.0,0.67,0.0,1.0,0.67,4.0,1.67,1.33,2.33,0.0,0.0,0.0,1.67,1,0.0,4.67,0.0,0.0,6.17,-6.17,0,4
4,ARS,LM,2,8.0,0.5,0.5,0.0,1.5,1.0,2.0,1.0,0.0,0.0,0.5,0.5,0.0,0.0,2.0,0.0,0.0,0.0,0.0,2,0.5,5.5,0.0,0.5,3.5,-3.0,0,3
42,BRF,LW,1,8.0,0.0,1.0,0.0,1.0,0.0,2.0,0.0,0.0,1.0,1.0,2.0,3.0,0.0,0.0,0.0,0.0,0.0,1.0,0,0.0,1.0,0.0,0.0,8.0,-1.0,0,3
78,EVE,RB,2,7.75,0.0,4.0,0.5,0.5,6.0,1.0,1.0,0.0,0.5,1.5,3.0,0.5,1.0,0.5,0.0,0.0,0.0,6.5,0,0.5,5.5,0.0,0.0,4.25,-15.5,0,3
148,TOT,FW,2,7.75,0.0,0.5,0.0,2.0,1.0,4.0,0.5,0.0,0.5,0.5,0.0,2.0,0.5,2.5,0.0,0.0,0.0,1.5,0,0.0,2.5,2.0,0.0,7.75,-3.0,0,5
119,MUN,RB,2,7.5,0.0,1.5,0.0,0.0,2.5,0.0,1.0,0.0,1.0,2.5,10.0,1.0,0.0,2.0,0.0,0.0,0.0,4.0,1,0.0,5.0,0.0,0.0,4.5,-10.0,0,3
25,BHA,RB,1,7.5,0.0,1.0,0.0,0.0,10.0,0.0,0.0,0.0,0.0,2.0,10.0,1.0,5.0,1.0,0.0,0.0,0.0,8.0,0,0.0,3.0,0.0,0.0,7.5,-16.0,0,3
97,LUT,CB,6,7.17,0.17,0.17,0.0,0.33,3.0,0.33,0.33,0.0,0.0,2.33,9.17,0.67,2.5,3.33,0.0,0.0,0.0,4.83,0,0.17,2.67,0.0,0.0,5.5,-9.5,0,4
75,EVE,CM,3,7.17,0.0,1.0,0.0,0.0,3.0,1.33,0.33,0.0,0.0,0.67,1.33,0.67,0.0,4.33,0.0,0.0,0.0,4.0,0,0.0,3.33,0.0,0.0,7.17,-1.33,0,3
132,NOT,CM,4,7.12,0.0,1.0,0.0,0.0,3.0,2.5,1.5,0.0,0.0,2.75,3.25,0.25,1.25,2.25,0.0,0.0,0.0,3.0,4,0.0,8.75,0.25,0.0,6.12,-4.25,0,4
43,BRF,RB,2,7.0,0.0,1.0,0.5,0.5,3.5,2.5,2.0,0.0,0.0,1.0,5.0,1.5,0.0,2.5,0.0,0.0,0.0,3.5,1,0.5,11.5,0.0,0.0,0.5,-12.25,0,4
87,FUL,RW,2,7.0,0.0,1.0,0.0,0.5,1.5,1.5,0.0,0.0,1.0,0.5,0.5,1.0,0.0,0.5,0.0,0.0,0.0,3.5,1,0.0,0.5,0.0,0.0,6.5,-0.75,0,4
77,EVE,LB,1,7.0,0.0,0.0,0.0,1.0,2.0,2.0,0.0,0.0,0.0,1.0,4.0,2.0,0.0,2.0,0.0,0.0,0.0,1.0,0,0.0,0.0,0.0,0.0,7.0,-3.0,0,1
98,LUT,CM,7,6.93,0.0,1.0,0.0,0.14,2.57,1.57,0.29,0.0,0.0,1.43,0.43,0.71,0.57,1.43,0.0,0.0,0.0,3.71,0,0.0,3.14,0.0,0.0,6.93,-1.36,0,4
124,NEW,LB,3,6.83,0.33,0.67,0.0,0.67,1.0,1.33,0.67,0.0,0.67,1.0,3.33,0.33,0.33,2.67,0.0,0.0,0.0,3.0,1,0.33,3.67,0.33,0.0,1.5,-8.0,0,4
53,BUR,RW,2,6.75,0.5,0.0,0.0,0.5,0.5,0.5,0.0,0.0,0.0,0.5,1.0,0.5,0.0,0.0,0.0,0.0,0.0,1.5,0,0.5,0.0,0.5,0.0,2.25,-0.25,0,2
33,BOU,LM,1,6.5,0.0,2.0,0.0,0.0,0.0,0.0,0.0,0.0,0.0,0.0,0.0,2.0,0.0,1.0,0.0,0.0,0.0,1.0,0,0.0,1.0,0.0,0.0,6.5,0.0,0,1
137,NOT,RB,2,6.5,0.0,1.0,0.0,0.0,4.5,1.5,2.0,0.0,0.0,2.5,5.0,2.0,0.5,2.5,0.0,0.0,0.0,3.5,1,0.0,10.0,1.0,0.0,3.5,-11.75,0,4
47,BUR,CB,2,6.25,0.0,0.0,0.0,0.5,1.0,1.0,0.5,0.0,0.0,1.5,17.0,0.0,2.5,5.5,0.0,0.0,0.0,4.0,0,0.0,3.0,0.0,0.0,6.25,-9.5,0,3
28,BOU,CB,4,6.19,0.0,1.0,0.25,0.25,2.5,0.25,0.5,0.0,0.0,2.5,11.25,1.0,2.5,3.25,0.0,0.0,0.0,5.75,0,0.25,3.75,0.0,0.0,4.44,-12.62,0,4
82,FUL,FW,4,6.12,0.0,1.0,0.0,0.75,1.0,3.0,0.25,0.0,0.0,0.0,0.5,1.25,0.5,3.75,0.0,0.0,0.0,1.75,1,0.0,1.5,1.5,0.0,6.12,-2.0,0,4
54,CHE,AM,2,5.75,0.5,0.5,0.0,0.5,0.0,0.5,0.5,0.0,0.0,0.0,0.0,0.5,0.0,0.0,0.0,0.0,0.0,0.5,0,0.5,2.0,0.0,0.0,1.25,-1.25,0,1
50,BUR,LB,1,5.75,0.0,0.0,0.0,0.0,4.0,0.0,2.0,0.0,0.0,1.0,11.0,1.0,2.0,7.0,0.0,0.0,0.0,4.0,0,0.0,11.0,0.0,0.0,5.75,-12.0,0,3
117,MUN,LB,3,5.58,0.0,2.0,0.0,0.0,0.0,0.33,0.33,0.0,0.0,0.33,1.67,0.33,0.33,0.33,0.0,0.0,0.0,0.67,1,0.0,1.67,0.0,0.0,3.58,-2.17,0,1
29,BOU,CM,1,5.5,0.0,2.0,0.0,0.0,0.0,1.0,0.0,0.0,0.0,2.0,0.0,0.0,0.0,0.0,0.0,0.0,0.0,4.0,0,0.0,3.0,0.0,0.0,5.5,-0.5,0,2
52,BUR,RB,2,5.38,0.0,1.0,0.5,0.0,0.5,0.5,1.0,0.0,0.0,1.0,6.5,0.5,1.5,1.0,0.0,0.0,0.0,2.0,0,0.5,3.0,0.0,0.0,1.88,-6.25,0,3
135,NOT,LM,2,5.25,0.0,0.0,0.0,0.5,1.5,1.0,0.0,0.0,0.0,2.0,1.5,0.5,0.0,0.5,0.0,0.0,0.0,1.0,1,0.0,1.0,0.0,0.0,4.75,-0.5,0,2
57,CHE,DM,1,5.0,0.0,1.0,0.0,0.0,0.0,0.0,0.0,0.0,0.0,0.0,1.0,2.0,0.0,2.0,0.0,0.0,0.0,0.0,1,0.0,1.0,0.0,0.0,5.0,0.0,0,2
134,NOT,LB,2,5.0,0.0,0.5,0.0,0.5,1.0,0.0,1.0,0.0,1.0,1.0,2.0,0.0,0.5,0.0,0.0,0.0,0.0,1.0,1,0.0,4.0,0.0,0.0,2.0,-4.0,0,2
16,AVL,RW,2,4.75,0.0,1.5,0.0,0.0,0.0,2.0,0.0,0.0,1.0,0.5,0.5,1.0,0.0,0.5,0.0,0.0,0.0,2.5,0,0.0,1.0,0.0,0.0,4.75,-1.0,0,4
114,MUN,CB,5,4.7,0.0,0.4,0.2,0.2,1.0,0.0,0.4,0.0,0.0,0.4,5.2,0.2,1.0,1.6,0.0,0.0,0.2,2.0,2,0.2,1.6,0.2,0.0,0.9,-5.8,0,2
143,SHU,FW,5,4.7,0.0,1.4,0.0,0.6,0.4,3.2,0.4,0.2,0.0,0.2,1.0,0.8,0.4,5.4,0.0,0.0,0.0,3.2,0,0.0,3.6,0.6,0.0,4.7,-3.8,0,3
118,MUN,LW,2,4.5,0.0,0.5,0.0,0.5,0.0,0.5,0.0,0.0,0.0,0.5,0.5,2.0,0.0,0.5,0.0,0.0,0.0,2.0,0,0.0,0.5,0.5,0.0,4.5,-0.25,0,2
120,MUN,RW,2,4.25,0.0,0.5,0.0,0.0,1.0,0.5,0.5,0.0,0.0,2.5,0.0,1.0,0.0,0.0,0.0,0.0,0.0,1.0,0,0.0,3.0,0.0,0.0,4.25,-1.25,0,2
51,BUR,LW,5,4.2,0.0,1.2,0.0,0.2,0.2,1.6,0.0,0.0,0.0,0.0,0.4,2.0,0.0,0.0,0.0,0.0,0.0,1.0,1,0.0,1.0,0.8,0.0,4.2,-0.8,0,3
139,NOT,WB,1,4.0,0.0,0.0,0.0,0.0,0.0,0.0,0.0,0.0,0.0,0.0,0.0,4.0,0.0,0.0,0.0,0.0,0.0,0.0,1,0.0,3.0,1.0,0.0,4.0,0.0,0,2
130,NOT,AM,2,3.75,0.0,0.0,0.0,0.5,0.5,2.5,0.5,0.0,0.0,2.0,1.0,1.5,0.0,2.0,0.0,0.0,0.0,2.5,0,0.0,2.5,0.0,0.0,3.75,-2.25,0,3
14,AVL,LM,1,3.5,0.0,0.0,0.0,1.0,2.0,1.0,0.0,0.0,0.0,0.0,0.0,0.0,0.0,0.0,0.0,0.0,0.0,0.0,0,0.0,0.0,0.0,0.0,3.5,-0.5,0,1
96,LIV,RW,2,3.0,0.0,0.0,0.0,0.5,0.0,0.5,0.0,0.0,0.0,1.0,1.0,1.0,0.0,0.5,0.0,0.0,0.0,1.0,0,0.0,1.0,0.0,0.0,3.0,-0.25,0,3
94,LIV,RB,1,3.0,0.0,2.0,0.0,0.0,7.0,2.0,2.0,0.0,1.0,1.0,12.0,2.0,0.0,0.0,0.0,0.0,0.0,5.0,0,0.0,8.0,0.0,0.0,3.0,-15.0,0,4
63,CHE,RW,1,2.75,0.0,1.0,0.0,0.0,0.0,1.0,0.0,0.0,0.0,0.0,1.0,0.0,0.0,1.0,0.0,0.0,0.0,0.0,0,0.0,1.0,0.0,0.0,2.75,-0.5,0,3
144,SHU,WB,5,2.75,0.0,0.4,0.2,0.0,0.6,2.0,0.2,0.0,1.0,1.2,3.8,0.8,0.8,1.4,0.0,0.0,0.0,3.2,1,0.0,2.6,0.6,0.0,0.15,-7.0,0,3
64,CHE,WB,1,2.0,0.0,0.0,0.0,1.0,0.0,0.0,0.0,0.0,0.0,0.0,0.0,0.0,0.0,0.0,0.0,0.0,0.0,1.0,0,0.0,0.0,0.0,0.0,2.0,0.0,0,2
46,BRF,WB,1,2.0,0.0,0.0,0.0,1.0,0.0,0.0,0.0,0.0,0.0,0.0,0.0,0.0,0.0,0.0,0.0,0.0,0.0,0.0,0,0.0,0.0,0.0,0.0,2.0,0.0,0,1
11,AVL,CM,2,1.5,0.0,0.5,0.0,0.0,0.0,1.0,0.0,0.0,0.0,0.0,0.0,0.5,0.5,0.0,0.0,0.0,0.0,1.5,0,0.0,0.0,0.0,0.0,1.5,-0.5,0,5
153,WHU,AM,2,1.5,0.0,0.0,0.0,0.0,1.0,0.0,0.0,0.0,0.0,0.0,0.5,0.5,0.0,0.0,0.0,0.0,0.0,1.0,0,0.0,0.0,0.5,0.0,1.5,0.0,0,2
32,BOU,LB,1,0.75,0.0,1.0,0.0,0.0,6.0,4.0,0.0,0.0,3.0,6.0,11.0,3.0,1.0,6.0,0.0,0.0,1.0,11.0,0,0.0,8.0,0.0,0.0,0.75,-29.0,0,4
44,BRF,RM,1,0.0,0.0,0.0,0.0,0.0,0.0,0.0,0.0,0.0,0.0,0.0,0.0,0.0,0.0,0.0,0.0,0.0,0.0,0.0,0,0.0,0.0,0.0,0.0,0.0,0.0,0,1
20,BHA,CM,1,0.0,0.0,0.0,0.0,0.0,0.0,0.0,0.0,0.0,0.0,0.0,0.0,0.0,0.0,0.0,0.0,0.0,0.0,1.0,0,0.0,2.0,0.0,0.0,0.0,0.0,0,1
19,BHA,CB,3,-1.08,0.0,0.0,0.0,0.0,1.67,0.33,1.0,0.0,0.0,2.33,5.67,0.67,2.67,3.0,0.0,0.0,0.0,5.33,0,0.0,3.67,0.0,0.0,-1.08,-12.83,0,3
35,BOU,RB,2,-1.5,0.0,0.5,0.0,0.0,3.5,1.0,0.5,0.0,1.5,0.0,4.0,1.0,2.0,1.0,0.0,0.0,0.0,5.5,0,0.0,3.0,0.5,0.0,-1.5,-12.5,0,4
162,WOL,AM,1,-4.5,0.0,0.0,0.0,0.0,2.0,1.0,0.0,1.0,0.0,0.0,0.0,0.0,1.0,0.0,0.0,0.0,0.0,0.0,0,0.0,7.0,0.0,0.0,-4.5,-7.5,0,1
92,LIV,LM,1,-4.5,0.0,0.0,0.0,0.0,1.0,3.0,1.0,1.0,0.0,2.0,1.0,3.0,0.0,0.0,0.0,0.0,0.0,1.0,0,0.0,12.0,1.0,0.0,-4.5,-10.5,0,3
